trp_duration,speaker_switch,convo_num
42.0,0.5,2893
342.0,0.5,2893
110.0,0.5,2893
290.0,-0.5,2893
604.0,0.5,2893
311.0,0.5,2893
730.0,0.5,2893
932.0,-0.5,2893
76.0,0.5,2893
53.0,0.5,2893
896.0,-0.5,2893
663.0,0.5,2893
184.0,0.5,2893
773.0,0.5,2893
516.0,0.5,2893
121.0,-0.5,2893
652.0,-0.5,2893
313.0,-0.5,2893
21.0,0.5,2893
168.0,0.5,2893
199.0,0.5,2893
665.0,-0.5,2893
663.0,-0.5,2893
881.0,-0.5,2893
104.0,0.5,2893
410.0,0.5,2893
420.0,0.5,2893
151.0,0.5,2893
860.0,-0.5,2893
644.0,0.5,2893
197.0,0.5,2893
443.0,0.5,2893
107.0,0.5,2893
412.0,0.5,2893
208.0,0.5,2893
487.0,0.5,2893
230.0,-0.5,2893
570.0,-0.5,2893
207.0,-0.5,2893
674.0,0.5,2893
184.0,-0.5,2893
68.0,0.5,2893
781.0,0.5,2893
303.0,0.5,2893
493.0,0.5,2893
330.0,0.5,2893
170.0,-0.5,2893
312.0,0.5,2893
786.0,-0.5,2893
68.0,0.5,2893
177.0,-0.5,2893
664.0,-0.5,2893
452.0,0.5,2893
158.0,-0.5,2893
536.0,0.5,2893
207.0,0.5,2893
500.0,-0.5,2893
546.0,0.5,2893
32.0,0.5,2893
524.0,0.5,2893
207.0,0.5,2893
324.0,0.5,2893
166.0,0.5,2893
257.0,-0.5,2893
895.0,-0.5,2893
429.0,-0.5,2893
128.0,0.5,2893
533.0,0.5,2893
395.0,-0.5,2893
290.0,-0.5,2893
454.0,0.5,2893
872.0,-0.5,2893
487.0,0.5,2893
489.0,-0.5,2893
745.0,0.5,2893
278.0,0.5,2893
130.0,0.5,2893
671.0,-0.5,2893
268.0,-0.5,2893
278.0,0.5,2893
469.0,-0.5,2893
272.0,-0.5,2893
628.0,-0.5,2893
47.0,0.5,2893
533.0,0.5,2893
195.0,0.5,2893
309.0,0.5,2893
191.0,0.5,2893
691.0,-0.5,2893
331.0,-0.5,2893
402.0,0.5,2893
659.0,0.5,2893
12.0,0.5,2893
664.0,0.5,2893
768.0,-0.5,2893
997.0,-0.5,2893
127.0,0.5,2893
145.0,0.5,2893
144.0,-0.5,2893
558.0,0.5,2893
568.0,-0.5,2893
155.0,-0.5,2893
34.0,0.5,2893
245.0,0.5,2893
724.0,0.5,2893
495.0,-0.5,2893
131.0,0.5,2893
28.0,0.5,2893
320.0,0.5,2893
880.0,-0.5,2893
708.0,-0.5,2893
975.0,0.5,2893
517.0,-0.5,2893
572.0,-0.5,2893
481.0,-0.5,2893
701.0,-0.5,2620
312.0,-0.5,2620
467.0,-0.5,2620
516.0,0.5,2620
983.0,-0.5,2620
469.0,0.5,2620
625.0,-0.5,2620
252.0,-0.5,2620
224.0,0.5,2620
877.0,-0.5,2620
148.0,0.5,2620
34.0,0.5,2620
407.0,-0.5,2620
192.0,-0.5,2620
890.0,-0.5,2620
320.0,-0.5,2620
530.0,0.5,2620
53.0,0.5,2620
267.0,0.5,2620
109.0,-0.5,2620
29.0,0.5,2620
170.0,0.5,2620
924.0,-0.5,2620
211.0,0.5,2620
757.0,-0.5,2620
501.0,-0.5,2620
528.0,-0.5,2620
120.0,-0.5,2620
211.0,0.5,2620
177.0,0.5,2620
29.0,0.5,2620
354.0,-0.5,2620
508.0,0.5,2620
179.0,-0.5,2620
339.0,-0.5,2620
610.0,0.5,2620
270.0,0.5,2620
87.0,0.5,2620
445.0,-0.5,2620
403.0,0.5,2620
150.0,-0.5,2620
426.0,-0.5,2620
354.0,-0.5,2620
10.0,0.5,2620
312.0,0.5,2620
154.0,0.5,2620
2.0,0.5,2620
300.0,0.5,2620
883.0,-0.5,2620
113.0,0.5,2620
422.0,-0.5,2620
152.0,0.5,2620
49.0,0.5,2620
171.0,0.5,2620
106.0,0.5,2620
902.0,0.5,2620
336.0,0.5,2620
199.0,0.5,2620
486.0,-0.5,2620
190.0,-0.5,2620
780.0,-0.5,2620
25.0,0.5,2620
46.0,0.5,2620
28.0,0.5,2620
910.0,0.5,2620
766.0,0.5,2620
855.0,0.5,2620
968.0,-0.5,2620
191.0,0.5,2540
237.0,0.5,2540
592.0,-0.5,2540
450.0,0.5,2540
163.0,0.5,2540
244.0,0.5,2540
395.0,-0.5,2540
267.0,-0.5,2540
405.0,0.5,2540
214.0,0.5,2540
816.0,-0.5,2540
75.0,0.5,2540
434.0,-0.5,2540
207.0,-0.5,2540
298.0,0.5,2540
143.0,0.5,2540
433.0,-0.5,2540
37.0,0.5,2540
109.0,0.5,2540
592.0,-0.5,2540
396.0,-0.5,2540
75.0,0.5,2540
44.0,0.5,2540
356.0,0.5,2540
1.0,0.5,2540
479.0,0.5,2540
698.0,-0.5,2540
505.0,-0.5,2540
38.0,0.5,2540
505.0,0.5,2540
106.0,0.5,2540
100.0,0.5,2540
366.0,-0.5,2540
505.0,-0.5,2540
316.0,-0.5,2540
807.0,-0.5,2540
322.0,-0.5,2540
610.0,-0.5,2540
275.0,0.5,2540
46.0,0.5,2540
535.0,-0.5,2540
194.0,0.5,2540
224.0,0.5,2540
475.0,-0.5,2540
316.0,0.5,2540
18.0,0.5,2540
159.0,0.5,2540
238.0,0.5,2540
155.0,0.5,2540
398.0,0.5,2540
274.0,0.5,2540
981.0,0.5,2868
688.0,0.5,2868
246.0,0.5,2868
393.0,0.5,2868
512.0,0.5,2868
215.0,0.5,2868
13.0,0.5,2868
226.0,0.5,2868
531.0,-0.5,2868
283.0,0.5,2868
478.0,-0.5,2868
86.0,-0.5,2868
523.0,-0.5,2868
316.0,0.5,2868
74.0,0.5,2868
203.0,-0.5,2868
629.0,-0.5,2868
821.0,-0.5,2868
404.0,0.5,2868
242.0,0.5,2868
212.0,0.5,2868
347.0,-0.5,2868
43.0,0.5,2868
284.0,0.5,2868
189.0,-0.5,2868
225.0,0.5,2868
322.0,0.5,2868
177.0,0.5,2868
45.0,0.5,2868
141.0,0.5,2868
552.0,0.5,2868
745.0,-0.5,2868
148.0,0.5,2868
294.0,-0.5,2868
372.0,0.5,2868
43.0,0.5,2868
136.0,0.5,2868
426.0,-0.5,2868
468.0,-0.5,2868
239.0,0.5,2868
658.0,-0.5,2868
598.0,0.5,2868
106.0,0.5,2868
8.0,0.5,2868
196.0,0.5,2868
565.0,-0.5,2868
390.0,0.5,2868
433.0,-0.5,2868
565.0,-0.5,2868
356.0,0.5,2868
93.0,0.5,2868
352.0,0.5,2868
251.0,0.5,2868
497.0,-0.5,2868
112.0,0.5,2868
33.0,0.5,2868
640.0,-0.5,2868
426.0,0.5,2868
376.0,-0.5,2868
60.0,0.5,2868
7.0,0.5,2868
60.0,0.5,2868
448.0,0.5,2868
81.0,0.5,2868
241.0,-0.5,2868
88.0,0.5,2868
489.0,-0.5,2868
557.0,-0.5,2868
478.0,-0.5,2868
726.0,-0.5,2868
595.0,-0.5,2868
462.0,0.5,2868
898.0,0.5,2868
414.0,0.5,2868
780.0,-0.5,2868
406.0,0.5,2868
471.0,-0.5,2868
117.0,-0.5,2868
269.0,-0.5,2868
473.0,-0.5,2868
311.0,0.5,2868
529.0,0.5,2868
148.0,0.5,2868
568.0,-0.5,3239
63.0,0.5,3239
347.0,-0.5,3239
874.0,-0.5,3239
101.0,0.5,3239
417.0,-0.5,3239
450.0,-0.5,3239
418.0,-0.5,3239
523.0,-0.5,3239
529.0,-0.5,3239
610.0,-0.5,3239
129.0,0.5,3239
84.0,0.5,3239
423.0,0.5,3239
324.0,-0.5,3239
415.0,-0.5,3239
61.0,0.5,3239
388.0,-0.5,3239
54.0,0.5,3239
526.0,0.5,3239
617.0,0.5,3239
42.0,0.5,3239
320.0,-0.5,3239
231.0,0.5,3239
41.0,0.5,3239
167.0,-0.5,3239
82.0,0.5,3239
181.0,-0.5,3239
384.0,-0.5,3239
788.0,-0.5,3239
571.0,0.5,3239
175.0,0.5,3239
105.0,0.5,3239
128.0,0.5,3239
126.0,0.5,3239
113.0,0.5,3239
171.0,-0.5,4784
248.0,-0.5,4784
971.0,-0.5,4784
250.0,-0.5,4784
524.0,0.5,4784
340.0,0.5,4784
668.0,-0.5,4784
388.0,0.5,4784
642.0,0.5,4784
656.0,-0.5,4784
712.0,-0.5,4784
886.0,-0.5,4784
335.0,0.5,4784
48.0,0.5,4784
179.0,0.5,4784
40.0,0.5,4784
724.0,-0.5,4784
859.0,-0.5,4784
274.0,0.5,4784
210.0,0.5,4784
710.0,-0.5,4784
282.0,0.5,4784
459.0,-0.5,4784
599.0,-0.5,4784
410.0,-0.5,4784
253.0,0.5,4784
492.0,-0.5,4784
172.0,0.5,4784
939.0,-0.5,4784
516.0,-0.5,4784
426.0,-0.5,4784
334.0,0.5,4784
427.0,-0.5,4784
856.0,-0.5,4784
772.0,-0.5,4784
561.0,0.5,4784
289.0,-0.5,4784
369.0,-0.5,4784
553.0,-0.5,4784
780.0,0.5,4784
999.0,0.5,4346
251.0,0.5,4346
65.0,0.5,4346
190.0,0.5,4346
730.0,-0.5,4346
240.0,-0.5,4346
586.0,-0.5,4346
100.0,-0.5,4346
512.0,-0.5,4346
180.0,-0.5,4346
452.0,-0.5,4346
305.0,-0.5,4346
346.0,-0.5,4346
996.0,0.5,4346
567.0,0.5,4346
343.0,0.5,4346
355.0,0.5,4346
122.0,0.5,4346
734.0,-0.5,4346
90.0,-0.5,4346
272.0,0.5,4346
653.0,0.5,4346
569.0,-0.5,4346
671.0,-0.5,4346
803.0,-0.5,4346
124.0,-0.5,4346
984.0,-0.5,4346
660.0,0.5,4346
518.0,-0.5,4346
345.0,-0.5,4346
863.0,0.5,4346
304.0,0.5,4346
226.0,0.5,4346
98.0,0.5,4346
163.0,0.5,4346
93.0,0.5,4346
600.0,0.5,4346
367.0,-0.5,4346
328.0,-0.5,4346
578.0,-0.5,4346
207.0,-0.5,4346
326.0,0.5,4346
388.0,-0.5,4346
140.0,0.5,4346
172.0,0.5,4346
314.0,0.5,4346
211.0,-0.5,4346
488.0,-0.5,4346
314.0,0.5,4346
434.0,-0.5,4346
156.0,-0.5,4319
40.0,-0.5,4319
26.0,0.5,4319
110.0,-0.5,4319
252.0,0.5,4319
72.0,0.5,4319
991.0,0.5,4319
286.0,-0.5,4319
287.0,0.5,4319
353.0,0.5,4319
386.0,0.5,4319
254.0,0.5,4319
353.0,0.5,4319
86.0,0.5,4319
166.0,0.5,4319
180.0,-0.5,4319
177.0,0.5,4319
164.0,0.5,4319
417.0,0.5,4319
40.0,-0.5,4319
287.0,0.5,4319
303.0,0.5,4319
38.0,0.5,4319
227.0,-0.5,4319
168.0,0.5,4319
227.0,0.5,4319
548.0,0.5,4319
7.0,0.5,4319
323.0,0.5,4319
441.0,-0.5,4319
494.0,0.5,4319
486.0,0.5,4319
509.0,0.5,4319
571.0,-0.5,4319
260.0,-0.5,4319
447.0,0.5,4319
65.0,0.5,4319
14.0,0.5,4319
527.0,0.5,4319
173.0,0.5,4319
463.0,-0.5,4319
618.0,-0.5,4319
23.0,0.5,4319
230.0,0.5,4319
268.0,0.5,4319
489.0,-0.5,4319
395.0,-0.5,4319
601.0,-0.5,4319
603.0,-0.5,4319
336.0,-0.5,4319
618.0,-0.5,4319
546.0,0.5,4319
103.0,0.5,4319
170.0,0.5,4319
284.0,0.5,4319
50.0,-0.5,4319
5.0,0.5,4319
98.0,-0.5,4319
99.0,0.5,4319
610.0,0.5,4319
304.0,-0.5,4319
300.0,-0.5,4319
643.0,-0.5,4319
647.0,0.5,2314
309.0,0.5,2314
493.0,0.5,2314
185.0,0.5,2314
313.0,0.5,2314
347.0,-0.5,2314
88.0,0.5,2314
320.0,-0.5,2314
674.0,0.5,2314
356.0,0.5,2314
224.0,0.5,2314
167.0,0.5,2314
261.0,0.5,2314
207.0,0.5,2314
404.0,0.5,2314
341.0,0.5,2314
266.0,0.5,2314
923.0,0.5,2314
417.0,0.5,2314
2.0,0.5,2314
460.0,-0.5,2314
40.0,0.5,2314
931.0,0.5,2314
235.0,0.5,2314
290.0,-0.5,2314
98.0,0.5,2314
90.0,-0.5,2314
920.0,-0.5,2314
283.0,-0.5,2314
484.0,0.5,2314
544.0,0.5,2314
122.0,0.5,2314
17.0,0.5,2314
913.0,-0.5,2314
141.0,0.5,2314
125.0,-0.5,2314
74.0,0.5,2314
17.0,0.5,2314
154.0,0.5,2314
316.0,-0.5,2314
546.0,-0.5,2314
418.0,-0.5,2314
885.0,0.5,2314
486.0,-0.5,2314
388.0,-0.5,2314
528.0,-0.5,2314
553.0,0.5,2314
141.0,0.5,2314
36.0,0.5,2314
406.0,0.5,2314
340.0,0.5,2314
70.0,0.5,2314
437.0,-0.5,2314
881.0,-0.5,2314
343.0,0.5,2314
401.0,0.5,2314
247.0,0.5,2314
132.0,0.5,2314
613.0,0.5,2314
462.0,0.5,2314
935.0,-0.5,2314
929.0,0.5,2314
110.0,-0.5,2314
118.0,0.5,2314
564.0,-0.5,2314
470.0,0.5,2314
212.0,0.5,2314
167.0,0.5,2314
64.0,0.5,2314
128.0,-0.5,2314
738.0,0.5,2314
197.0,0.5,2314
565.0,-0.5,2314
24.0,0.5,2314
604.0,0.5,2314
914.0,-0.5,3784
640.0,-0.5,3784
157.0,0.5,3784
405.0,0.5,3784
302.0,0.5,3784
175.0,0.5,3784
219.0,0.5,3784
892.0,0.5,3784
663.0,0.5,3784
845.0,0.5,3784
486.0,0.5,3784
271.0,0.5,3784
155.0,0.5,3784
913.0,-0.5,3784
512.0,-0.5,3784
70.0,0.5,3784
873.0,-0.5,3784
341.0,0.5,3784
29.0,0.5,3784
261.0,0.5,3784
78.0,0.5,3784
340.0,0.5,3784
162.0,-0.5,3784
246.0,0.5,3784
244.0,0.5,3784
192.0,-0.5,3784
291.0,0.5,3784
147.0,0.5,3784
214.0,0.5,3784
198.0,0.5,3784
536.0,0.5,3784
158.0,0.5,3784
151.0,0.5,3784
146.0,0.5,3784
377.0,0.5,3784
596.0,-0.5,3784
289.0,0.5,3784
908.0,-0.5,3784
257.0,0.5,3784
14.0,0.5,3784
503.0,0.5,3784
134.0,0.5,3784
33.0,0.5,3784
595.0,-0.5,3784
312.0,-0.5,3076
735.0,-0.5,3076
963.0,0.5,3076
138.0,0.5,3076
93.0,0.5,3076
300.0,0.5,3076
248.0,0.5,3076
327.0,0.5,3076
228.0,-0.5,3076
370.0,0.5,3076
565.0,0.5,3076
637.0,0.5,3076
578.0,0.5,3076
279.0,-0.5,3076
258.0,0.5,3076
229.0,0.5,3076
101.0,0.5,3076
274.0,0.5,3076
72.0,0.5,3076
482.0,-0.5,3076
411.0,-0.5,3076
178.0,-0.5,3076
84.0,0.5,3076
78.0,0.5,3076
224.0,0.5,3076
448.0,0.5,3076
130.0,0.5,3076
20.0,0.5,3076
321.0,0.5,3076
105.0,-0.5,3076
230.0,0.5,3076
212.0,0.5,3076
346.0,-0.5,3076
61.0,0.5,3076
135.0,0.5,3076
380.0,-0.5,3076
94.0,-0.5,3076
369.0,0.5,3076
131.0,0.5,3076
373.0,-0.5,3076
173.0,-0.5,3076
350.0,-0.5,3076
88.0,0.5,3076
397.0,0.5,3076
629.0,-0.5,3076
246.0,-0.5,3076
95.0,0.5,3076
211.0,-0.5,3076
234.0,-0.5,3076
272.0,0.5,3076
151.0,0.5,3076
300.0,0.5,3076
180.0,-0.5,3076
604.0,-0.5,3076
460.0,-0.5,3076
135.0,0.5,3076
868.0,0.5,3076
105.0,-0.5,3076
829.0,-0.5,3076
178.0,0.5,3076
318.0,0.5,3076
263.0,0.5,3076
120.0,0.5,3076
77.0,0.5,3076
231.0,0.5,3076
559.0,-0.5,3076
394.0,0.5,3076
115.0,0.5,3076
38.0,0.5,3076
312.0,0.5,3076
902.0,-0.5,3076
507.0,0.5,3076
634.0,0.5,3076
226.0,-0.5,3076
229.0,0.5,3076
369.0,-0.5,3076
138.0,0.5,3076
92.0,0.5,3076
312.0,0.5,3076
499.0,0.5,3076
107.0,0.5,3076
123.0,0.5,3076
377.0,0.5,3076
24.0,0.5,3076
960.0,-0.5,3076
151.0,0.5,3076
730.0,0.5,3076
236.0,-0.5,3076
159.0,0.5,3076
279.0,0.5,3076
206.0,0.5,3076
41.0,0.5,3076
489.0,-0.5,3076
180.0,0.5,3076
312.0,-0.5,3076
296.0,-0.5,3076
259.0,0.5,3076
44.0,0.5,3076
126.0,0.5,2981
131.0,0.5,2981
444.0,0.5,2981
755.0,-0.5,2981
634.0,0.5,2981
263.0,0.5,2981
50.0,0.5,2981
820.0,-0.5,2981
437.0,-0.5,2981
413.0,0.5,2981
441.0,0.5,2981
522.0,-0.5,2981
459.0,-0.5,2981
421.0,0.5,2981
199.0,-0.5,2981
850.0,0.5,2981
200.0,0.5,2981
340.0,0.5,2981
602.0,-0.5,2981
143.0,0.5,2981
355.0,0.5,2981
226.0,-0.5,2981
946.0,-0.5,2981
401.0,0.5,2981
256.0,-0.5,2981
444.0,-0.5,2981
520.0,-0.5,2981
358.0,-0.5,2981
539.0,-0.5,2981
663.0,-0.5,2981
613.0,-0.5,4055
209.0,0.5,4055
732.0,0.5,4055
413.0,-0.5,4055
384.0,-0.5,4055
945.0,0.5,4055
216.0,0.5,4055
165.0,0.5,4055
265.0,0.5,4055
179.0,0.5,4055
215.0,-0.5,4055
527.0,-0.5,4055
250.0,-0.5,4055
339.0,-0.5,4055
288.0,-0.5,4055
749.0,0.5,4055
212.0,0.5,4055
403.0,0.5,4055
706.0,0.5,4055
829.0,0.5,4055
554.0,0.5,4055
82.0,-0.5,4055
730.0,-0.5,4055
851.0,0.5,4055
196.0,0.5,4055
185.0,0.5,4055
518.0,0.5,4055
151.0,0.5,4055
280.0,0.5,4055
540.0,-0.5,4055
855.0,-0.5,4055
90.0,0.5,4055
301.0,0.5,4055
910.0,-0.5,4055
139.0,-0.5,4055
577.0,0.5,4055
843.0,0.5,4055
220.0,0.5,4055
352.0,0.5,4055
902.0,-0.5,4055
670.0,-0.5,4055
68.0,0.5,4055
720.0,-0.5,4055
345.0,0.5,4055
243.0,0.5,4055
205.0,0.5,4055
235.0,0.5,4055
829.0,0.5,4055
619.0,0.5,4055
22.0,0.5,4055
537.0,0.5,4055
139.0,0.5,4055
767.0,0.5,4055
670.0,0.5,4055
47.0,0.5,4055
70.0,-0.5,4055
54.0,0.5,2589
60.0,-0.5,2589
112.0,0.5,2589
150.0,-0.5,2589
916.0,0.5,2589
343.0,0.5,2589
310.0,-0.5,2589
210.0,-0.5,2589
290.0,-0.5,2589
763.0,-0.5,2589
90.0,-0.5,2589
253.0,-0.5,2589
241.0,0.5,2589
192.0,0.5,2589
404.0,0.5,2589
820.0,0.5,2589
170.0,-0.5,2589
272.0,0.5,2589
450.0,-0.5,2589
310.0,-0.5,2589
556.0,-0.5,2589
700.0,-0.5,2589
272.0,0.5,2589
123.0,0.5,2589
550.0,-0.5,2589
100.0,-0.5,2589
888.0,-0.5,2589
948.0,0.5,2589
20.0,-0.5,2589
549.0,-0.5,2589
670.0,-0.5,2589
210.0,0.5,2589
734.0,-0.5,2589
840.0,-0.5,2589
610.0,0.5,2589
610.0,-0.5,2589
250.0,-0.5,2589
684.0,-0.5,2589
430.0,-0.5,2589
70.0,-0.5,2589
844.0,-0.5,2589
209.0,0.5,2589
350.0,-0.5,2589
340.0,-0.5,2589
330.0,-0.5,2589
463.0,-0.5,2589
350.0,-0.5,2589
487.0,-0.5,2589
50.0,-0.5,2589
813.0,-0.5,2589
575.0,-0.5,2589
500.0,-0.5,2589
520.0,-0.5,2589
636.0,0.5,2589
761.0,0.5,2589
81.0,0.5,2589
456.0,0.5,2589
694.0,0.5,2589
283.0,0.5,2589
534.0,0.5,2589
508.0,0.5,2589
320.0,-0.5,2589
419.0,0.5,2589
379.0,0.5,2589
410.0,-0.5,2589
448.0,-0.5,2589
488.0,-0.5,2589
330.0,-0.5,2589
397.0,-0.5,2589
400.0,-0.5,2589
921.0,-0.5,2589
633.0,-0.5,2589
480.0,-0.5,2589
539.0,-0.5,2589
110.0,-0.5,2589
179.0,-0.5,2589
458.0,-0.5,2589
100.0,-0.5,2589
470.0,-0.5,2589
842.0,0.5,2589
210.0,-0.5,2589
40.0,-0.5,2589
148.0,0.5,2619
329.0,0.5,2619
438.0,0.5,2619
331.0,0.5,2619
328.0,0.5,2619
222.0,0.5,2619
578.0,-0.5,2619
727.0,-0.5,2619
151.0,0.5,2619
89.0,-0.5,2619
788.0,0.5,2619
71.0,0.5,2619
801.0,0.5,2619
41.0,0.5,2619
527.0,0.5,2619
476.0,0.5,2619
955.0,0.5,2619
550.0,-0.5,2619
155.0,0.5,2619
444.0,-0.5,2619
230.0,-0.5,2619
316.0,-0.5,2619
136.0,-0.5,2619
574.0,-0.5,2619
489.0,-0.5,2619
137.0,0.5,2619
328.0,-0.5,2619
219.0,-0.5,2619
234.0,0.5,2619
266.0,0.5,2619
126.0,-0.5,2619
407.0,-0.5,2619
127.0,-0.5,2619
189.0,-0.5,2619
439.0,0.5,2619
124.0,-0.5,2619
450.0,0.5,2619
308.0,0.5,2619
25.0,0.5,2619
548.0,0.5,2619
54.0,0.5,2619
167.0,0.5,2619
930.0,0.5,2619
290.0,-0.5,2619
395.0,-0.5,2619
781.0,0.5,2619
53.0,0.5,2619
40.0,0.5,2619
169.0,0.5,2619
427.0,0.5,3518
24.0,0.5,3518
444.0,-0.5,3518
10.0,0.5,3518
560.0,-0.5,3518
437.0,0.5,3518
975.0,0.5,3518
460.0,-0.5,3518
734.0,-0.5,3518
128.0,0.5,3518
45.0,0.5,3518
299.0,-0.5,3518
816.0,0.5,3518
160.0,0.5,3518
621.0,-0.5,3518
414.0,-0.5,3518
251.0,0.5,3518
600.0,0.5,3518
228.0,0.5,3518
830.0,0.5,3518
533.0,0.5,3518
454.0,-0.5,3518
62.0,0.5,3518
240.0,0.5,3518
21.0,0.5,3518
562.0,0.5,3518
186.0,0.5,3518
452.0,-0.5,3518
194.0,0.5,3518
381.0,0.5,3518
156.0,0.5,3518
442.0,0.5,3518
220.0,0.5,3518
90.0,0.5,3518
183.0,-0.5,3518
582.0,0.5,3518
228.0,0.5,3518
636.0,-0.5,3518
30.0,0.5,3518
294.0,-0.5,3518
966.0,-0.5,3518
261.0,0.5,3238
788.0,0.5,3238
488.0,0.5,3238
186.0,0.5,3238
659.0,-0.5,3238
463.0,0.5,3238
282.0,0.5,3238
225.0,0.5,3238
115.0,0.5,3238
302.0,0.5,3238
251.0,0.5,3238
203.0,0.5,3238
666.0,-0.5,3238
848.0,0.5,3238
304.0,0.5,3238
222.0,0.5,3238
606.0,0.5,3238
280.0,0.5,3238
918.0,0.5,3238
229.0,0.5,3238
319.0,0.5,3238
48.0,0.5,3238
175.0,0.5,3238
215.0,0.5,3238
266.0,0.5,3238
52.0,0.5,3238
218.0,0.5,3238
233.0,0.5,3238
312.0,-0.5,3238
987.0,-0.5,3238
557.0,-0.5,3238
190.0,-0.5,3238
870.0,-0.5,3238
616.0,-0.5,3238
932.0,0.5,3238
446.0,0.5,3238
80.0,0.5,3238
595.0,-0.5,3238
558.0,-0.5,3238
471.0,-0.5,3238
117.0,0.5,3238
317.0,0.5,3238
23.0,0.5,3238
415.0,0.5,3238
761.0,-0.5,3238
100.0,-0.5,3238
163.0,0.5,3238
586.0,0.5,3238
273.0,0.5,3238
304.0,0.5,3238
200.0,0.5,3238
220.0,-0.5,3238
522.0,0.5,3233
605.0,-0.5,3233
388.0,-0.5,3233
210.0,0.5,3233
751.0,-0.5,3233
859.0,-0.5,3233
215.0,0.5,3233
137.0,0.5,3233
859.0,0.5,3233
250.0,0.5,3233
582.0,-0.5,3233
197.0,0.5,3233
204.0,0.5,3233
88.0,0.5,3233
575.0,-0.5,3233
27.0,0.5,3233
239.0,0.5,3233
482.0,-0.5,3233
68.0,0.5,3233
856.0,-0.5,3233
762.0,-0.5,3233
596.0,-0.5,3233
770.0,-0.5,3233
915.0,0.5,3233
340.0,-0.5,3233
248.0,0.5,3233
141.0,0.5,3233
132.0,0.5,3233
90.0,0.5,3233
682.0,-0.5,3233
324.0,-0.5,3233
704.0,-0.5,3233
945.0,-0.5,3233
346.0,-0.5,3233
148.0,0.5,3233
810.0,0.5,3233
128.0,-0.5,3233
213.0,0.5,3233
312.0,-0.5,3233
718.0,-0.5,3233
117.0,-0.5,3233
342.0,0.5,3233
859.0,0.5,3233
344.0,0.5,3233
205.0,0.5,3233
131.0,0.5,3233
293.0,-0.5,3233
193.0,0.5,3233
212.0,0.5,3233
51.0,0.5,3233
62.0,0.5,3233
452.0,-0.5,3233
725.0,0.5,3233
485.0,0.5,3233
407.0,-0.5,3233
456.0,0.5,3233
1.0,0.5,3233
362.0,-0.5,3233
620.0,-0.5,3233
346.0,-0.5,3233
177.0,-0.5,3233
542.0,-0.5,2575
320.0,-0.5,2575
155.0,-0.5,2575
505.0,0.5,2575
276.0,0.5,2575
252.0,0.5,2575
146.0,0.5,2575
40.0,0.5,2575
5.0,0.5,2575
520.0,-0.5,2575
512.0,-0.5,2575
109.0,-0.5,2575
517.0,0.5,2575
372.0,0.5,2575
732.0,-0.5,2575
547.0,-0.5,2575
650.0,-0.5,2575
294.0,0.5,2575
62.0,0.5,2575
796.0,-0.5,2575
388.0,-0.5,2575
94.0,0.5,2575
196.0,0.5,2575
313.0,0.5,2575
418.0,0.5,2575
128.0,-0.5,2575
120.0,-0.5,2575
262.0,0.5,2575
471.0,-0.5,2575
429.0,-0.5,2575
378.0,0.5,2575
468.0,0.5,2575
114.0,0.5,2575
167.0,0.5,2575
237.0,-0.5,2575
884.0,-0.5,2575
788.0,0.5,2575
800.0,0.5,2575
12.0,0.5,2575
759.0,-0.5,2575
682.0,-0.5,2575
369.0,0.5,2575
98.0,0.5,2575
625.0,0.5,2575
285.0,0.5,2575
998.0,-0.5,2575
177.0,0.5,2575
192.0,0.5,2575
46.0,0.5,2575
614.0,-0.5,2575
594.0,0.5,2575
919.0,0.5,2575
470.0,-0.5,2575
825.0,0.5,2575
450.0,-0.5,2575
588.0,0.5,2575
708.0,-0.5,2575
88.0,-0.5,2575
513.0,0.5,2575
76.0,0.5,2575
640.0,-0.5,2575
111.0,-0.5,2575
572.0,-0.5,2575
730.0,0.5,2575
418.0,-0.5,2575
897.0,-0.5,2575
713.0,-0.5,2575
150.0,-0.5,2575
670.0,-0.5,2575
618.0,-0.5,2575
624.0,0.5,2575
500.0,0.5,2575
545.0,0.5,2575
753.0,-0.5,2575
945.0,-0.5,2575
643.0,-0.5,2575
579.0,0.5,2575
658.0,0.5,2575
725.0,-0.5,2575
237.0,-0.5,2575
458.0,0.5,2575
631.0,0.5,2575
129.0,-0.5,2575
290.0,0.5,2575
271.0,-0.5,2575
560.0,0.5,2575
750.0,-0.5,2575
409.0,-0.5,2575
334.0,0.5,2575
129.0,0.5,2575
639.0,-0.5,2575
917.0,0.5,2575
179.0,-0.5,2575
778.0,0.5,2575
250.0,-0.5,2575
460.0,-0.5,2575
448.0,-0.5,3597
445.0,-0.5,3597
764.0,-0.5,3597
644.0,0.5,3597
267.0,-0.5,3597
487.0,0.5,3597
311.0,0.5,3597
519.0,-0.5,3597
948.0,0.5,3597
303.0,0.5,3597
480.0,-0.5,3597
570.0,-0.5,3597
766.0,-0.5,3597
825.0,-0.5,3597
602.0,-0.5,3597
241.0,-0.5,3597
772.0,-0.5,3597
111.0,0.5,3597
361.0,0.5,3597
989.0,-0.5,3597
356.0,0.5,3597
992.0,-0.5,3597
67.0,0.5,3597
454.0,-0.5,3597
132.0,0.5,3597
727.0,-0.5,3597
2.0,0.5,3597
357.0,0.5,3597
646.0,-0.5,3597
267.0,-0.5,3597
791.0,0.5,3597
710.0,-0.5,3597
790.0,-0.5,2366
331.0,-0.5,2366
732.0,-0.5,2366
660.0,-0.5,2366
607.0,0.5,2366
445.0,0.5,2366
759.0,-0.5,2366
563.0,-0.5,2366
617.0,-0.5,2366
626.0,-0.5,2366
956.0,-0.5,2366
220.0,-0.5,2366
614.0,-0.5,2366
642.0,0.5,2366
140.0,-0.5,2366
608.0,0.5,2366
481.0,-0.5,2366
650.0,-0.5,2366
270.0,0.5,2366
523.0,0.5,2366
182.0,0.5,2366
221.0,-0.5,2366
643.0,-0.5,2366
670.0,-0.5,2366
150.0,-0.5,2366
590.0,-0.5,2366
591.0,-0.5,2366
845.0,0.5,2366
252.0,-0.5,2366
408.0,0.5,2366
538.0,0.5,2366
455.0,0.5,2366
347.0,0.5,2366
64.0,0.5,2366
564.0,-0.5,2366
53.0,0.5,2366
333.0,0.5,2366
311.0,0.5,2366
200.0,-0.5,2366
387.0,0.5,2366
18.0,0.5,2366
207.0,-0.5,2366
497.0,-0.5,2366
342.0,0.5,2366
712.0,0.5,2366
80.0,-0.5,2366
563.0,-0.5,2366
353.0,-0.5,2366
508.0,0.5,2366
46.0,0.5,2366
420.0,-0.5,2366
590.0,0.5,2366
196.0,0.5,2366
151.0,-0.5,2366
380.0,-0.5,3246
102.0,0.5,3246
411.0,-0.5,3246
133.0,0.5,3246
133.0,0.5,3246
58.0,0.5,3246
453.0,0.5,3246
194.0,0.5,3246
520.0,0.5,3246
556.0,-0.5,3246
47.0,0.5,3246
263.0,-0.5,3246
63.0,0.5,3246
491.0,-0.5,3246
535.0,0.5,3246
216.0,0.5,3246
701.0,-0.5,3246
138.0,0.5,3246
288.0,0.5,3246
647.0,-0.5,3246
385.0,-0.5,3246
185.0,-0.5,3246
670.0,0.5,3246
995.0,-0.5,3246
293.0,0.5,3246
379.0,-0.5,2308
414.0,-0.5,2308
437.0,-0.5,2308
573.0,-0.5,2308
414.0,-0.5,2308
392.0,-0.5,2308
655.0,-0.5,2308
775.0,-0.5,2308
317.0,0.5,2308
132.0,0.5,2308
474.0,-0.5,2308
490.0,-0.5,2308
524.0,-0.5,2308
126.0,-0.5,2308
448.0,-0.5,2308
207.0,0.5,2308
275.0,0.5,2308
49.0,0.5,2308
583.0,-0.5,2308
337.0,-0.5,2308
534.0,-0.5,2308
572.0,-0.5,2308
325.0,0.5,2308
316.0,-0.5,2308
640.0,-0.5,2308
431.0,-0.5,2308
607.0,-0.5,2308
429.0,-0.5,2308
105.0,0.5,2308
296.0,0.5,2308
253.0,0.5,2308
290.0,-0.5,2308
538.0,-0.5,2308
549.0,-0.5,2308
530.0,0.5,2308
298.0,0.5,2308
498.0,-0.5,2308
515.0,0.5,2308
70.0,0.5,2308
430.0,-0.5,2308
421.0,0.5,2308
480.0,-0.5,2308
355.0,-0.5,2308
309.0,-0.5,2308
365.0,-0.5,2308
418.0,-0.5,2308
710.0,-0.5,2308
214.0,-0.5,2308
685.0,-0.5,2308
434.0,-0.5,2308
741.0,-0.5,2308
407.0,-0.5,2308
605.0,-0.5,2308
252.0,-0.5,2308
394.0,-0.5,2308
392.0,-0.5,2308
538.0,-0.5,2308
308.0,0.5,2308
610.0,-0.5,2308
870.0,-0.5,2308
294.0,-0.5,2308
173.0,-0.5,2308
601.0,0.5,2308
65.0,0.5,2308
441.0,-0.5,2308
282.0,-0.5,2308
704.0,-0.5,2308
677.0,-0.5,2308
558.0,-0.5,2308
935.0,-0.5,2308
705.0,-0.5,2308
328.0,-0.5,2308
486.0,-0.5,2308
155.0,-0.5,3121
564.0,0.5,3121
127.0,0.5,3121
324.0,-0.5,3121
317.0,0.5,3121
153.0,0.5,3121
311.0,0.5,3121
343.0,-0.5,3121
30.0,0.5,3121
693.0,-0.5,3121
85.0,0.5,3121
661.0,-0.5,3121
322.0,0.5,3121
19.0,0.5,3121
256.0,0.5,3121
78.0,0.5,3121
547.0,0.5,3121
431.0,0.5,3121
206.0,0.5,3121
811.0,0.5,3121
117.0,-0.5,3121
462.0,0.5,3121
151.0,-0.5,3121
253.0,-0.5,3121
162.0,-0.5,3121
131.0,0.5,3121
539.0,0.5,3121
166.0,0.5,3121
45.0,0.5,3121
335.0,-0.5,3121
143.0,-0.5,3121
78.0,0.5,3121
918.0,0.5,3121
579.0,0.5,3121
516.0,0.5,3121
102.0,0.5,3121
181.0,-0.5,3121
121.0,0.5,3121
492.0,0.5,3121
147.0,-0.5,3121
137.0,0.5,3121
888.0,0.5,3121
947.0,-0.5,3121
226.0,-0.5,3121
950.0,0.5,3121
268.0,-0.5,3121
417.0,0.5,3121
714.0,0.5,3121
542.0,0.5,3121
123.0,0.5,3121
115.0,0.5,3121
715.0,-0.5,3121
619.0,0.5,3121
571.0,0.5,3121
591.0,-0.5,3121
964.0,-0.5,3121
629.0,-0.5,3121
143.0,0.5,3121
833.0,-0.5,3121
96.0,0.5,3121
55.0,0.5,3121
104.0,0.5,3121
134.0,0.5,3121
650.0,-0.5,4483
716.0,-0.5,4483
757.0,-0.5,4483
60.0,0.5,4483
110.0,-0.5,4483
391.0,0.5,4483
69.0,0.5,4483
327.0,0.5,4483
235.0,0.5,4483
407.0,-0.5,4483
201.0,0.5,4483
357.0,0.5,4483
330.0,0.5,4483
293.0,0.5,4483
283.0,0.5,4483
221.0,0.5,4483
768.0,-0.5,4483
358.0,0.5,4483
529.0,0.5,4483
279.0,-0.5,4483
433.0,-0.5,4483
109.0,-0.5,4483
655.0,-0.5,4483
76.0,0.5,4483
141.0,-0.5,4483
197.0,0.5,4483
201.0,0.5,4483
268.0,-0.5,4483
219.0,0.5,4483
571.0,-0.5,4483
371.0,-0.5,4483
535.0,-0.5,4483
148.0,0.5,4483
59.0,0.5,4483
498.0,0.5,4483
97.0,0.5,4483
296.0,0.5,4483
641.0,0.5,4483
262.0,0.5,4483
184.0,0.5,4483
104.0,0.5,4483
670.0,-0.5,4483
210.0,0.5,4483
180.0,-0.5,4483
268.0,-0.5,4483
761.0,-0.5,4483
232.0,0.5,4483
543.0,-0.5,4483
727.0,-0.5,4483
460.0,-0.5,4483
171.0,0.5,4483
282.0,0.5,4483
373.0,0.5,4483
77.0,0.5,4483
121.0,-0.5,4483
41.0,0.5,4483
320.0,0.5,4483
154.0,0.5,4483
299.0,0.5,4483
135.0,0.5,4483
182.0,-0.5,4483
380.0,-0.5,4483
209.0,0.5,4483
176.0,0.5,4483
111.0,0.5,4483
578.0,-0.5,4483
132.0,-0.5,3781
609.0,0.5,3781
203.0,0.5,3781
987.0,0.5,3781
106.0,0.5,3781
810.0,-0.5,3781
150.0,-0.5,3781
255.0,0.5,3781
504.0,0.5,3781
294.0,0.5,3781
25.0,0.5,3781
254.0,0.5,3781
519.0,0.5,3781
231.0,0.5,3781
275.0,0.5,3781
528.0,0.5,3781
399.0,0.5,3781
158.0,0.5,3781
627.0,0.5,3781
373.0,-0.5,3781
274.0,0.5,3781
42.0,0.5,3781
237.0,-0.5,3781
157.0,0.5,3781
301.0,0.5,3781
840.0,-0.5,3781
270.0,0.5,3781
113.0,0.5,3781
237.0,-0.5,3781
741.0,-0.5,3781
375.0,-0.5,3781
111.0,-0.5,3781
547.0,0.5,3781
669.0,0.5,3781
214.0,0.5,3781
308.0,0.5,3781
762.0,0.5,3781
358.0,-0.5,3781
114.0,0.5,3781
770.0,-0.5,3781
487.0,0.5,3781
90.0,0.5,3781
90.0,-0.5,3781
478.0,-0.5,3781
619.0,-0.5,3781
478.0,-0.5,3781
362.0,0.5,3781
232.0,0.5,3781
151.0,0.5,3781
96.0,0.5,3781
189.0,0.5,3781
100.0,-0.5,3781
188.0,0.5,3781
890.0,0.5,3781
312.0,0.5,3781
258.0,0.5,3781
202.0,0.5,3781
97.0,0.5,3781
128.0,0.5,3781
344.0,0.5,3781
463.0,0.5,3781
55.0,0.5,3781
926.0,-0.5,3781
234.0,0.5,3781
543.0,0.5,3781
929.0,0.5,3781
740.0,-0.5,3781
245.0,0.5,3781
48.0,0.5,3781
96.0,0.5,3495
43.0,0.5,3495
695.0,-0.5,3495
224.0,0.5,3495
358.0,0.5,3495
139.0,0.5,3495
18.0,0.5,3495
272.0,0.5,3495
642.0,0.5,3495
966.0,-0.5,3495
442.0,0.5,3495
210.0,0.5,3495
49.0,0.5,3495
65.0,0.5,3495
664.0,-0.5,3495
826.0,-0.5,3495
607.0,-0.5,3495
160.0,-0.5,3495
891.0,0.5,3495
523.0,0.5,3495
165.0,-0.5,3495
992.0,0.5,3495
439.0,0.5,3495
327.0,-0.5,3495
411.0,-0.5,3495
560.0,0.5,3495
772.0,-0.5,3495
107.0,0.5,3495
757.0,-0.5,3495
797.0,-0.5,3495
95.0,0.5,3495
487.0,0.5,3495
719.0,-0.5,3129
892.0,-0.5,3129
597.0,-0.5,3129
749.0,0.5,3129
444.0,-0.5,3129
832.0,-0.5,3129
237.0,0.5,3129
354.0,0.5,3129
530.0,-0.5,3129
586.0,0.5,3129
228.0,0.5,3129
492.0,0.5,3129
212.0,0.5,3129
650.0,-0.5,3129
906.0,-0.5,3129
582.0,-0.5,3129
567.0,0.5,3129
959.0,-0.5,3129
541.0,0.5,3129
151.0,-0.5,3129
37.0,0.5,3129
211.0,0.5,3129
837.0,0.5,3129
261.0,0.5,3129
423.0,-0.5,3129
790.0,-0.5,3129
378.0,0.5,3129
150.0,-0.5,3129
666.0,-0.5,3129
840.0,-0.5,3129
638.0,-0.5,3129
811.0,-0.5,3129
858.0,-0.5,3129
761.0,-0.5,3129
316.0,0.5,3129
353.0,0.5,3129
537.0,0.5,3129
147.0,0.5,3129
837.0,-0.5,3129
656.0,-0.5,3129
670.0,-0.5,3129
165.0,-0.5,3129
494.0,-0.5,3129
925.0,-0.5,3129
821.0,-0.5,3129
149.0,0.5,3129
452.0,-0.5,3129
683.0,-0.5,3129
588.0,0.5,3129
860.0,0.5,3129
479.0,-0.5,3129
708.0,-0.5,3129
789.0,-0.5,3129
386.0,-0.5,3129
607.0,-0.5,3129
326.0,-0.5,3129
113.0,0.5,3129
62.0,0.5,3129
674.0,-0.5,3129
265.0,0.5,3129
13.0,0.5,3129
431.0,0.5,3129
552.0,-0.5,3129
204.0,0.5,3115
398.0,0.5,3115
299.0,0.5,3115
334.0,0.5,3115
17.0,0.5,3115
166.0,-0.5,3115
350.0,-0.5,3115
230.0,-0.5,3115
173.0,0.5,3115
371.0,0.5,3115
258.0,0.5,3115
492.0,0.5,3115
246.0,0.5,3115
133.0,0.5,3115
19.0,0.5,3115
222.0,-0.5,3115
139.0,0.5,3115
347.0,0.5,3115
494.0,-0.5,3115
770.0,0.5,3115
429.0,0.5,3115
100.0,0.5,3115
976.0,-0.5,3115
533.0,0.5,3115
386.0,0.5,3115
124.0,0.5,3115
204.0,-0.5,3115
814.0,0.5,3115
445.0,-0.5,3115
170.0,-0.5,3115
792.0,-0.5,3115
567.0,-0.5,3115
199.0,-0.5,3115
12.0,0.5,3115
467.0,-0.5,3115
558.0,-0.5,3115
380.0,-0.5,3115
568.0,-0.5,3115
64.0,0.5,3115
856.0,0.5,3115
544.0,-0.5,3115
359.0,-0.5,3115
140.0,0.5,3115
313.0,0.5,3115
549.0,0.5,3115
232.0,0.5,3115
280.0,0.5,3115
704.0,-0.5,3115
403.0,-0.5,3115
360.0,0.5,3115
978.0,0.5,3115
627.0,0.5,3115
187.0,-0.5,3115
682.0,0.5,3115
70.0,0.5,3115
573.0,0.5,3115
13.0,0.5,3115
140.0,0.5,3115
158.0,0.5,3115
319.0,-0.5,3115
4.0,0.5,3115
256.0,-0.5,3115
62.0,0.5,3115
285.0,-0.5,3115
190.0,-0.5,3115
350.0,-0.5,3115
684.0,0.5,3115
376.0,0.5,3115
216.0,0.5,3115
900.0,-0.5,3115
758.0,0.5,3115
157.0,-0.5,3115
418.0,-0.5,3115
169.0,0.5,3115
670.0,-0.5,3115
229.0,-0.5,3115
368.0,-0.5,3115
491.0,-0.5,4165
528.0,-0.5,4165
374.0,0.5,4165
175.0,0.5,4165
690.0,-0.5,4165
656.0,0.5,4165
540.0,-0.5,4165
205.0,0.5,4165
155.0,0.5,4165
160.0,-0.5,4165
92.0,0.5,4165
327.0,0.5,4165
190.0,0.5,4165
516.0,-0.5,4165
576.0,-0.5,4165
720.0,-0.5,4165
640.0,-0.5,4165
17.0,0.5,4165
309.0,-0.5,4165
216.0,-0.5,4165
529.0,0.5,4165
173.0,-0.5,4165
237.0,0.5,4165
194.0,0.5,4165
197.0,0.5,4165
403.0,0.5,4165
260.0,-0.5,4165
519.0,-0.5,4165
208.0,0.5,4165
102.0,0.5,4165
173.0,0.5,4165
119.0,0.5,4165
979.0,0.5,4165
506.0,-0.5,4165
376.0,0.5,4165
112.0,0.5,4165
487.0,0.5,4165
361.0,-0.5,4165
243.0,0.5,4165
242.0,0.5,4165
290.0,0.5,4165
336.0,0.5,4165
937.0,0.5,2558
411.0,-0.5,2558
120.0,0.5,2558
408.0,0.5,2558
1.0,0.5,2558
241.0,-0.5,2558
369.0,-0.5,2558
105.0,-0.5,2558
267.0,-0.5,2558
55.0,0.5,2558
62.0,0.5,2558
327.0,0.5,2558
260.0,-0.5,2558
273.0,0.5,2558
44.0,0.5,2558
746.0,-0.5,2558
172.0,0.5,2558
394.0,0.5,2558
210.0,0.5,2558
140.0,0.5,2558
274.0,-0.5,2558
195.0,0.5,2558
174.0,-0.5,2558
263.0,0.5,2558
931.0,-0.5,2558
285.0,0.5,2558
155.0,0.5,2558
145.0,0.5,2558
192.0,0.5,2558
23.0,0.5,2558
467.0,0.5,2558
100.0,0.5,2558
392.0,-0.5,2558
82.0,0.5,2558
159.0,0.5,2558
241.0,-0.5,2558
557.0,-0.5,2558
403.0,-0.5,2558
767.0,-0.5,2558
627.0,-0.5,2558
194.0,-0.5,2558
746.0,-0.5,2558
506.0,0.5,2558
324.0,0.5,2558
203.0,0.5,2558
707.0,0.5,2558
107.0,0.5,2558
161.0,-0.5,2558
376.0,0.5,2558
277.0,0.5,2558
249.0,-0.5,2558
321.0,-0.5,2558
244.0,0.5,2558
403.0,0.5,2558
98.0,0.5,2558
106.0,0.5,2558
346.0,-0.5,2558
875.0,0.5,2761
199.0,-0.5,2761
727.0,-0.5,2761
463.0,-0.5,2761
518.0,0.5,2761
638.0,0.5,2761
44.0,0.5,2761
88.0,0.5,2761
108.0,-0.5,2761
677.0,-0.5,2761
257.0,0.5,2761
241.0,0.5,2761
139.0,0.5,2761
790.0,-0.5,2761
50.0,0.5,2761
715.0,-0.5,2761
103.0,0.5,2761
10.0,0.5,2761
902.0,0.5,2761
601.0,0.5,2761
850.0,-0.5,2761
465.0,-0.5,2761
425.0,0.5,2761
178.0,0.5,2761
198.0,0.5,2761
317.0,-0.5,2761
646.0,-0.5,2761
285.0,0.5,2761
26.0,0.5,2761
787.0,-0.5,2761
340.0,0.5,2761
717.0,0.5,2761
340.0,0.5,2761
82.0,-0.5,2761
323.0,0.5,2761
39.0,0.5,2761
211.0,-0.5,2761
133.0,0.5,2761
983.0,-0.5,2761
105.0,-0.5,2761
444.0,-0.5,2761
348.0,0.5,2761
214.0,-0.5,2761
597.0,0.5,2761
295.0,0.5,2761
236.0,0.5,2761
168.0,0.5,2761
388.0,-0.5,2761
689.0,0.5,2761
772.0,-0.5,2761
680.0,0.5,2761
307.0,0.5,2761
223.0,0.5,2761
39.0,0.5,2761
447.0,-0.5,2761
793.0,0.5,2761
825.0,-0.5,2761
262.0,0.5,2761
78.0,0.5,2761
98.0,0.5,2761
543.0,0.5,2761
282.0,-0.5,2761
133.0,0.5,2761
189.0,0.5,2761
133.0,0.5,2761
264.0,0.5,2761
294.0,-0.5,2761
118.0,0.5,2761
585.0,-0.5,2761
800.0,0.5,2761
761.0,-0.5,2761
192.0,-0.5,2761
80.0,0.5,2761
371.0,0.5,2761
337.0,0.5,2761
8.0,0.5,2761
162.0,-0.5,3825
588.0,-0.5,3825
180.0,0.5,3825
154.0,-0.5,3825
648.0,-0.5,3825
382.0,0.5,3825
442.0,0.5,3825
330.0,-0.5,3825
388.0,-0.5,3825
122.0,0.5,3825
571.0,0.5,3825
271.0,0.5,3825
918.0,-0.5,3825
80.0,-0.5,3825
882.0,-0.5,3825
150.0,-0.5,3825
882.0,0.5,3825
721.0,0.5,3825
440.0,-0.5,3825
61.0,0.5,3825
151.0,-0.5,3825
993.0,0.5,3825
690.0,-0.5,3825
144.0,0.5,3825
457.0,0.5,3825
160.0,-0.5,3825
113.0,-0.5,3825
874.0,-0.5,3825
737.0,-0.5,3825
250.0,0.5,3825
873.0,-0.5,3825
306.0,0.5,3825
596.0,-0.5,3825
585.0,0.5,3825
727.0,-0.5,3825
541.0,0.5,3825
53.0,0.5,3825
420.0,0.5,2145
221.0,0.5,2145
890.0,-0.5,2145
802.0,-0.5,2145
599.0,-0.5,2145
300.0,0.5,2145
35.0,0.5,2145
570.0,-0.5,2145
886.0,-0.5,2145
100.0,0.5,2145
855.0,-0.5,2145
473.0,0.5,2145
755.0,0.5,2145
274.0,0.5,2145
486.0,0.5,2145
550.0,-0.5,2145
147.0,-0.5,2145
245.0,0.5,2145
477.0,0.5,2145
492.0,-0.5,2145
193.0,0.5,2145
327.0,-0.5,2145
568.0,-0.5,2145
124.0,-0.5,2145
123.0,0.5,2145
70.0,0.5,2145
803.0,0.5,2145
666.0,0.5,2145
170.0,-0.5,2145
691.0,0.5,2145
625.0,0.5,2145
134.0,-0.5,2145
276.0,0.5,2145
451.0,0.5,2145
116.0,0.5,2145
496.0,0.5,2145
771.0,-0.5,2145
810.0,0.5,2145
490.0,-0.5,2145
528.0,-0.5,2145
213.0,0.5,2145
601.0,0.5,2145
162.0,-0.5,2145
411.0,-0.5,2145
977.0,-0.5,2145
875.0,0.5,2145
237.0,0.5,2145
867.0,-0.5,2145
296.0,-0.5,2145
132.0,0.5,2145
543.0,-0.5,2145
958.0,0.5,2145
482.0,0.5,2145
803.0,0.5,2145
127.0,0.5,2145
752.0,-0.5,2145
665.0,0.5,2614
255.0,0.5,2614
579.0,0.5,2614
130.0,0.5,2614
189.0,0.5,2614
38.0,0.5,2614
158.0,-0.5,2614
208.0,0.5,2614
32.0,0.5,2614
144.0,0.5,2614
218.0,0.5,2614
60.0,0.5,2614
181.0,-0.5,2614
481.0,0.5,2614
853.0,0.5,2614
493.0,-0.5,2614
309.0,-0.5,2614
170.0,-0.5,2614
806.0,0.5,2614
493.0,-0.5,2614
693.0,-0.5,2614
328.0,-0.5,2614
287.0,-0.5,2614
884.0,0.5,2614
403.0,0.5,2614
437.0,-0.5,2614
282.0,-0.5,2614
942.0,-0.5,2614
247.0,0.5,2614
336.0,0.5,2614
208.0,-0.5,2614
410.0,-0.5,2614
381.0,0.5,2614
727.0,-0.5,2614
649.0,-0.5,2614
966.0,-0.5,2614
757.0,-0.5,2614
644.0,-0.5,2614
921.0,0.5,2614
215.0,-0.5,2614
842.0,-0.5,2614
711.0,-0.5,2614
670.0,-0.5,2614
989.0,-0.5,2614
688.0,-0.5,2614
86.0,0.5,2614
759.0,0.5,2614
913.0,0.5,2614
956.0,-0.5,2614
321.0,0.5,2614
223.0,0.5,2614
842.0,-0.5,2614
249.0,-0.5,2614
182.0,0.5,2614
982.0,-0.5,2614
312.0,-0.5,2614
657.0,-0.5,2837
490.0,-0.5,2837
124.0,0.5,2837
556.0,-0.5,2837
30.0,0.5,2837
284.0,-0.5,2837
556.0,0.5,2837
94.0,-0.5,2837
392.0,-0.5,2837
358.0,-0.5,2837
384.0,0.5,2837
437.0,-0.5,2837
190.0,0.5,2837
256.0,0.5,2837
967.0,0.5,2837
164.0,0.5,2837
30.0,-0.5,2837
914.0,0.5,2837
728.0,0.5,2837
370.0,0.5,2837
122.0,0.5,2837
123.0,0.5,2837
173.0,0.5,2837
489.0,-0.5,2837
188.0,0.5,2837
788.0,-0.5,2837
234.0,-0.5,2837
591.0,-0.5,2837
151.0,-0.5,2837
842.0,-0.5,2837
290.0,-0.5,2837
82.0,0.5,2837
278.0,-0.5,2837
393.0,0.5,2837
298.0,0.5,2837
377.0,-0.5,2837
1.0,0.5,2837
39.0,0.5,2837
100.0,0.5,2837
348.0,-0.5,2837
364.0,0.5,2837
416.0,0.5,2837
358.0,0.5,2837
289.0,0.5,2837
576.0,0.5,2837
45.0,0.5,2837
116.0,0.5,2837
232.0,-0.5,2837
521.0,-0.5,2837
433.0,-0.5,2837
458.0,0.5,2837
577.0,0.5,2837
205.0,0.5,2837
144.0,-0.5,2837
351.0,-0.5,2837
245.0,0.5,2837
249.0,-0.5,2837
196.0,-0.5,2837
181.0,-0.5,2837
373.0,-0.5,2837
849.0,0.5,2837
444.0,0.5,2837
510.0,-0.5,2837
465.0,0.5,2837
83.0,0.5,2837
430.0,-0.5,2837
270.0,0.5,2837
444.0,0.5,2837
377.0,-0.5,2837
625.0,0.5,2837
337.0,-0.5,2837
896.0,-0.5,2743
184.0,0.5,2743
801.0,0.5,2743
493.0,-0.5,2743
688.0,-0.5,2743
803.0,0.5,2743
760.0,-0.5,2743
687.0,0.5,2743
470.0,0.5,2743
613.0,0.5,2743
309.0,0.5,2743
74.0,0.5,2743
724.0,0.5,2743
75.0,-0.5,2743
589.0,-0.5,2743
170.0,-0.5,2743
726.0,-0.5,2743
418.0,-0.5,2743
819.0,0.5,2743
562.0,-0.5,2743
314.0,0.5,2743
789.0,0.5,2743
493.0,-0.5,2743
76.0,0.5,2743
505.0,-0.5,2743
484.0,0.5,2743
434.0,0.5,2743
56.0,-0.5,2743
137.0,0.5,2743
200.0,-0.5,2743
188.0,-0.5,2743
427.0,0.5,2743
483.0,0.5,2743
569.0,0.5,2743
436.0,0.5,2743
786.0,0.5,2743
561.0,0.5,2743
248.0,0.5,2743
734.0,-0.5,4166
409.0,-0.5,4166
630.0,-0.5,4166
417.0,0.5,4166
238.0,0.5,4166
479.0,0.5,4166
367.0,-0.5,4166
482.0,-0.5,4166
648.0,0.5,4166
148.0,0.5,4166
169.0,0.5,4166
328.0,0.5,4166
644.0,-0.5,4166
194.0,0.5,4166
352.0,0.5,4166
182.0,0.5,4166
367.0,0.5,4166
286.0,0.5,4166
140.0,0.5,4166
290.0,0.5,4166
330.0,0.5,4166
61.0,0.5,4166
449.0,0.5,4166
100.0,-0.5,4166
538.0,0.5,4166
143.0,-0.5,4166
392.0,-0.5,4166
512.0,0.5,4166
170.0,-0.5,4166
708.0,-0.5,4166
347.0,0.5,4166
422.0,-0.5,4166
383.0,-0.5,4166
421.0,-0.5,4166
151.0,0.5,4166
198.0,0.5,4166
309.0,-0.5,4166
199.0,0.5,4166
174.0,0.5,4166
309.0,0.5,4166
111.0,0.5,4166
241.0,0.5,4166
262.0,0.5,4166
112.0,-0.5,4166
216.0,0.5,4166
84.0,0.5,4166
127.0,-0.5,4166
526.0,0.5,4166
189.0,0.5,4166
36.0,0.5,4166
464.0,0.5,4166
224.0,0.5,4166
425.0,0.5,4166
240.0,0.5,4166
503.0,0.5,4166
43.0,0.5,4166
86.0,0.5,4166
114.0,0.5,4166
758.0,0.5,4166
171.0,0.5,4166
88.0,0.5,4166
379.0,-0.5,2308
414.0,-0.5,2308
437.0,-0.5,2308
573.0,-0.5,2308
414.0,-0.5,2308
392.0,-0.5,2308
655.0,-0.5,2308
775.0,-0.5,2308
317.0,0.5,2308
132.0,0.5,2308
474.0,-0.5,2308
490.0,-0.5,2308
524.0,-0.5,2308
126.0,-0.5,2308
448.0,-0.5,2308
207.0,0.5,2308
275.0,0.5,2308
49.0,0.5,2308
583.0,-0.5,2308
337.0,-0.5,2308
534.0,-0.5,2308
572.0,-0.5,2308
325.0,0.5,2308
316.0,-0.5,2308
640.0,-0.5,2308
431.0,-0.5,2308
607.0,-0.5,2308
429.0,-0.5,2308
105.0,0.5,2308
296.0,0.5,2308
253.0,0.5,2308
290.0,-0.5,2308
538.0,-0.5,2308
549.0,-0.5,2308
530.0,0.5,2308
298.0,0.5,2308
498.0,-0.5,2308
515.0,0.5,2308
70.0,0.5,2308
430.0,-0.5,2308
421.0,0.5,2308
480.0,-0.5,2308
355.0,-0.5,2308
309.0,-0.5,2308
365.0,-0.5,2308
418.0,-0.5,2308
710.0,-0.5,2308
214.0,-0.5,2308
685.0,-0.5,2308
434.0,-0.5,2308
741.0,-0.5,2308
407.0,-0.5,2308
605.0,-0.5,2308
252.0,-0.5,2308
394.0,-0.5,2308
392.0,-0.5,2308
538.0,-0.5,2308
308.0,0.5,2308
610.0,-0.5,2308
870.0,-0.5,2308
294.0,-0.5,2308
173.0,-0.5,2308
601.0,0.5,2308
65.0,0.5,2308
441.0,-0.5,2308
282.0,-0.5,2308
704.0,-0.5,2308
677.0,-0.5,2308
558.0,-0.5,2308
935.0,-0.5,2308
705.0,-0.5,2308
328.0,-0.5,2308
486.0,-0.5,2308
195.0,0.5,3489
211.0,-0.5,3489
495.0,-0.5,3489
539.0,-0.5,3489
779.0,0.5,3489
944.0,0.5,3489
418.0,-0.5,3489
252.0,0.5,3489
45.0,0.5,3489
522.0,0.5,3489
669.0,-0.5,3489
709.0,-0.5,3489
82.0,0.5,3489
219.0,0.5,3489
135.0,0.5,3489
526.0,0.5,3489
37.0,0.5,3489
367.0,0.5,3489
75.0,0.5,3489
237.0,0.5,3489
145.0,0.5,3489
196.0,0.5,3489
388.0,0.5,3489
191.0,0.5,3489
105.0,0.5,3489
301.0,-0.5,3489
341.0,0.5,3489
203.0,-0.5,3489
770.0,0.5,3489
740.0,0.5,3489
547.0,0.5,3489
139.0,0.5,3489
86.0,0.5,3489
124.0,0.5,3489
181.0,0.5,3489
615.0,0.5,3489
402.0,0.5,3489
305.0,-0.5,3489
59.0,0.5,3489
287.0,0.5,3489
392.0,0.5,3489
392.0,0.5,3489
106.0,0.5,3489
54.0,0.5,3489
105.0,0.5,3489
460.0,-0.5,3489
43.0,0.5,3489
801.0,-0.5,3489
339.0,-0.5,3489
420.0,-0.5,3489
447.0,-0.5,4333
316.0,-0.5,4333
304.0,-0.5,4333
644.0,-0.5,4333
452.0,-0.5,4333
396.0,-0.5,4333
624.0,0.5,4333
339.0,0.5,4333
969.0,-0.5,4333
265.0,0.5,4333
771.0,-0.5,4333
576.0,-0.5,4333
638.0,0.5,4333
172.0,-0.5,4333
192.0,0.5,4333
420.0,0.5,4333
313.0,-0.5,4333
804.0,-0.5,4333
371.0,0.5,4333
200.0,-0.5,4333
320.0,-0.5,4333
54.0,0.5,4333
437.0,-0.5,4333
383.0,0.5,4333
198.0,0.5,4333
142.0,0.5,4333
37.0,0.5,4333
532.0,-0.5,4333
255.0,0.5,4333
689.0,0.5,4333
430.0,-0.5,4333
362.0,-0.5,4333
418.0,-0.5,4333
625.0,-0.5,4333
278.0,-0.5,4333
211.0,-0.5,4333
731.0,-0.5,3921
562.0,-0.5,3921
74.0,0.5,3921
921.0,-0.5,3921
508.0,-0.5,3921
368.0,0.5,3921
242.0,0.5,3921
594.0,-0.5,3921
333.0,0.5,3921
721.0,-0.5,3921
361.0,0.5,3921
807.0,-0.5,3921
206.0,0.5,3921
308.0,0.5,3921
166.0,-0.5,3921
128.0,0.5,3921
237.0,0.5,3921
209.0,0.5,3921
160.0,0.5,3921
230.0,0.5,3921
502.0,0.5,3921
500.0,0.5,3921
143.0,0.5,3921
663.0,-0.5,3921
439.0,0.5,3921
185.0,-0.5,3921
139.0,-0.5,3921
200.0,-0.5,3921
410.0,-0.5,3921
463.0,-0.5,3921
302.0,0.5,3921
206.0,0.5,3921
273.0,0.5,3921
217.0,0.5,3921
193.0,-0.5,3921
377.0,-0.5,3921
150.0,0.5,3921
356.0,0.5,3921
152.0,0.5,3921
296.0,0.5,3921
391.0,0.5,3921
452.0,-0.5,3921
183.0,0.5,3921
34.0,0.5,3921
241.0,0.5,3921
99.0,0.5,3921
8.0,0.5,3921
293.0,0.5,3921
711.0,0.5,3921
674.0,0.5,3921
316.0,0.5,3921
238.0,0.5,3921
296.0,0.5,3921
452.0,-0.5,3921
220.0,-0.5,3921
182.0,0.5,3921
996.0,-0.5,3921
181.0,-0.5,3921
474.0,-0.5,3921
90.0,0.5,3921
227.0,0.5,3921
93.0,0.5,3921
106.0,0.5,3921
484.0,0.5,3921
155.0,0.5,3921
74.0,0.5,3921
158.0,-0.5,3433
665.0,-0.5,3433
113.0,0.5,3433
153.0,0.5,3433
231.0,0.5,3433
109.0,-0.5,3433
420.0,-0.5,3433
719.0,0.5,3433
410.0,-0.5,3433
301.0,-0.5,3433
345.0,0.5,3433
267.0,-0.5,3433
700.0,-0.5,3433
507.0,-0.5,3433
224.0,0.5,3433
136.0,0.5,3433
115.0,0.5,3433
430.0,-0.5,3433
431.0,0.5,3433
478.0,-0.5,3433
991.0,0.5,3433
238.0,0.5,3433
947.0,0.5,3433
619.0,-0.5,3433
614.0,0.5,3433
200.0,-0.5,3433
638.0,0.5,3433
418.0,0.5,3433
31.0,0.5,3433
252.0,-0.5,3433
286.0,-0.5,3433
621.0,-0.5,3433
271.0,-0.5,3433
245.0,-0.5,3433
177.0,0.5,3433
275.0,-0.5,3433
391.0,-0.5,3433
303.0,-0.5,3131
120.0,-0.5,3131
115.0,0.5,3131
98.0,0.5,3131
322.0,0.5,3131
590.0,-0.5,3131
440.0,-0.5,3131
134.0,0.5,3131
199.0,0.5,3131
11.0,0.5,3131
169.0,-0.5,3131
340.0,0.5,3131
720.0,0.5,3131
158.0,0.5,3131
362.0,-0.5,3131
947.0,-0.5,3131
151.0,0.5,3131
745.0,-0.5,3131
316.0,-0.5,3131
160.0,-0.5,3131
360.0,0.5,3131
338.0,-0.5,3131
191.0,0.5,3131
390.0,-0.5,3131
283.0,-0.5,3131
188.0,-0.5,3131
28.0,0.5,3131
35.0,0.5,3131
177.0,0.5,3131
170.0,-0.5,3131
226.0,-0.5,3131
191.0,-0.5,3131
388.0,0.5,3131
817.0,0.5,3131
46.0,0.5,3131
213.0,-0.5,3131
151.0,-0.5,3131
281.0,0.5,3131
180.0,0.5,3131
339.0,0.5,3131
70.0,-0.5,3131
436.0,-0.5,3131
432.0,-0.5,3131
222.0,-0.5,3131
329.0,0.5,3131
7.0,0.5,3131
281.0,0.5,3131
211.0,-0.5,3131
737.0,-0.5,3131
330.0,0.5,3075
489.0,0.5,3075
225.0,0.5,3075
420.0,0.5,3075
744.0,0.5,3075
432.0,0.5,3075
284.0,0.5,3075
638.0,-0.5,3075
396.0,0.5,3075
286.0,0.5,3075
111.0,0.5,3075
180.0,-0.5,3075
802.0,-0.5,3075
397.0,-0.5,3075
442.0,-0.5,3075
808.0,-0.5,3075
822.0,-0.5,3075
406.0,0.5,3075
339.0,0.5,3075
185.0,-0.5,3075
140.0,-0.5,3075
132.0,-0.5,3075
148.0,0.5,3075
554.0,-0.5,3075
305.0,0.5,3075
65.0,0.5,3075
250.0,0.5,3075
402.0,0.5,3075
151.0,-0.5,3075
248.0,0.5,3075
88.0,0.5,3075
210.0,-0.5,3075
934.0,0.5,3075
199.0,-0.5,3075
871.0,-0.5,3075
113.0,-0.5,3075
564.0,-0.5,3075
423.0,-0.5,3075
363.0,0.5,3075
265.0,0.5,3075
294.0,0.5,3075
445.0,0.5,3075
15.0,0.5,3075
400.0,0.5,3075
145.0,0.5,3075
570.0,-0.5,3075
332.0,0.5,3075
154.0,-0.5,3075
956.0,-0.5,3075
527.0,-0.5,3075
113.0,0.5,3075
2.0,0.5,3075
697.0,0.5,3075
159.0,0.5,3075
594.0,0.5,3075
325.0,0.5,3075
219.0,0.5,3075
731.0,-0.5,3075
546.0,-0.5,3075
261.0,0.5,3075
153.0,0.5,3075
423.0,0.5,3075
545.0,0.5,3075
21.0,0.5,3075
64.0,0.5,3075
925.0,-0.5,3075
56.0,0.5,3075
201.0,0.5,3075
156.0,0.5,3075
108.0,0.5,3075
450.0,-0.5,3075
549.0,-0.5,3075
9.0,0.5,3075
318.0,0.5,3075
200.0,0.5,3075
517.0,0.5,3075
469.0,0.5,3075
278.0,-0.5,3075
111.0,0.5,3075
351.0,0.5,3075
77.0,0.5,3075
140.0,0.5,3075
1.0,0.5,3075
2.0,0.5,3075
758.0,0.5,3075
429.0,0.5,3075
761.0,-0.5,3075
380.0,0.5,3075
430.0,-0.5,3075
180.0,0.5,3075
480.0,-0.5,3075
277.0,0.5,3075
192.0,0.5,3075
21.0,0.5,3075
146.0,0.5,3075
196.0,0.5,3075
168.0,0.5,3075
399.0,-0.5,3075
141.0,0.5,3075
473.0,0.5,3075
500.0,-0.5,3075
87.0,0.5,3075
616.0,0.5,3075
580.0,-0.5,3075
172.0,0.5,3075
83.0,0.5,3075
339.0,0.5,3075
756.0,0.5,3075
645.0,0.5,3075
19.0,0.5,3075
190.0,-0.5,3075
324.0,-0.5,3075
433.0,-0.5,3103
94.0,-0.5,3103
237.0,-0.5,3103
162.0,0.5,3103
69.0,0.5,3103
610.0,-0.5,3103
73.0,0.5,3103
173.0,0.5,3103
19.0,0.5,3103
61.0,0.5,3103
113.0,-0.5,3103
355.0,-0.5,3103
172.0,0.5,3103
336.0,0.5,3103
15.0,0.5,3103
44.0,0.5,3103
139.0,0.5,3103
82.0,0.5,3103
478.0,-0.5,3103
165.0,-0.5,3103
486.0,-0.5,3103
150.0,0.5,3103
297.0,-0.5,3103
108.0,0.5,3103
29.0,0.5,3103
54.0,0.5,3103
549.0,0.5,3103
448.0,-0.5,3103
879.0,0.5,3103
133.0,0.5,3103
313.0,0.5,3103
580.0,-0.5,3103
7.0,0.5,3103
814.0,0.5,3103
261.0,0.5,3103
143.0,0.5,3103
377.0,0.5,3103
73.0,0.5,3103
57.0,0.5,3103
46.0,0.5,3103
161.0,0.5,3103
705.0,-0.5,3103
290.0,0.5,3103
47.0,0.5,3103
129.0,0.5,3103
325.0,0.5,3103
211.0,0.5,3103
422.0,0.5,3103
33.0,0.5,3103
69.0,0.5,3103
29.0,0.5,3103
104.0,0.5,3103
829.0,-0.5,3103
547.0,0.5,3103
794.0,-0.5,3103
99.0,0.5,3103
101.0,0.5,3103
874.0,-0.5,3103
860.0,-0.5,3103
851.0,-0.5,3103
350.0,-0.5,3103
377.0,-0.5,3103
257.0,0.5,3103
24.0,0.5,3103
803.0,-0.5,3103
136.0,-0.5,3103
964.0,-0.5,3103
681.0,0.5,3103
630.0,0.5,3103
414.0,0.5,3103
148.0,0.5,3103
137.0,0.5,3103
586.0,0.5,3103
967.0,0.5,3103
97.0,0.5,3103
27.0,0.5,3103
480.0,0.5,3103
165.0,0.5,3103
469.0,-0.5,3103
615.0,0.5,3103
516.0,0.5,3103
255.0,-0.5,3103
448.0,0.5,3103
843.0,0.5,3103
143.0,-0.5,3062
668.0,-0.5,3062
73.0,0.5,3062
328.0,-0.5,3062
22.0,0.5,3062
65.0,0.5,3062
616.0,-0.5,3062
403.0,-0.5,3062
696.0,-0.5,3062
569.0,-0.5,3062
156.0,0.5,3062
320.0,-0.5,3062
450.0,-0.5,3062
709.0,-0.5,3062
53.0,0.5,3062
111.0,0.5,3062
136.0,-0.5,3062
16.0,0.5,3062
270.0,-0.5,3062
749.0,0.5,3062
207.0,0.5,3062
841.0,-0.5,3062
500.0,-0.5,3062
233.0,0.5,3062
337.0,0.5,3062
327.0,0.5,3062
102.0,0.5,3062
536.0,0.5,3062
139.0,-0.5,3062
283.0,-0.5,3062
735.0,-0.5,3062
164.0,-0.5,3062
214.0,0.5,3062
124.0,-0.5,3062
158.0,0.5,3062
301.0,-0.5,3062
699.0,0.5,3062
260.0,0.5,3062
106.0,-0.5,3062
671.0,-0.5,3062
421.0,-0.5,3062
14.0,0.5,3062
272.0,0.5,3062
3.0,0.5,3062
136.0,-0.5,3062
237.0,0.5,3062
147.0,0.5,3062
9.0,0.5,3062
92.0,0.5,3062
49.0,0.5,3062
366.0,0.5,3062
100.0,-0.5,3062
506.0,-0.5,3062
370.0,0.5,3062
105.0,0.5,3062
164.0,0.5,3062
32.0,0.5,3062
114.0,0.5,3062
739.0,-0.5,3062
208.0,-0.5,3062
570.0,0.5,3062
417.0,0.5,3062
188.0,0.5,3062
323.0,0.5,3062
331.0,-0.5,3062
280.0,0.5,3062
400.0,-0.5,3062
248.0,-0.5,3062
25.0,0.5,3062
66.0,0.5,3062
305.0,0.5,3062
341.0,-0.5,3062
42.0,0.5,3062
154.0,0.5,3062
282.0,-0.5,3062
284.0,0.5,3062
352.0,0.5,3062
536.0,-0.5,3062
441.0,-0.5,3062
300.0,-0.5,3062
232.0,0.5,3062
109.0,0.5,3062
870.0,-0.5,3062
223.0,0.5,3062
105.0,0.5,3097
238.0,-0.5,3097
177.0,-0.5,3097
538.0,0.5,3097
79.0,0.5,3097
790.0,0.5,3097
181.0,-0.5,3097
80.0,0.5,3097
454.0,0.5,3097
603.0,0.5,3097
256.0,-0.5,3097
841.0,0.5,3097
256.0,-0.5,3097
186.0,0.5,3097
208.0,0.5,3097
296.0,0.5,3097
519.0,0.5,3097
301.0,0.5,3097
558.0,0.5,3097
36.0,0.5,3097
13.0,0.5,3097
62.0,0.5,3097
199.0,0.5,3097
125.0,-0.5,3097
823.0,-0.5,3097
162.0,0.5,3097
162.0,0.5,3097
398.0,-0.5,3097
177.0,-0.5,3097
922.0,0.5,3097
89.0,0.5,3097
146.0,0.5,3097
467.0,0.5,3097
237.0,0.5,3097
410.0,0.5,3097
733.0,0.5,3097
3.0,0.5,3097
84.0,0.5,3097
186.0,0.5,3097
892.0,0.5,3097
211.0,-0.5,3097
310.0,-0.5,3097
153.0,0.5,3097
711.0,0.5,3097
66.0,0.5,3097
211.0,-0.5,3097
105.0,0.5,3097
159.0,-0.5,3097
237.0,-0.5,3097
117.0,0.5,3097
26.0,0.5,3097
550.0,0.5,3097
315.0,-0.5,3097
23.0,0.5,3097
17.0,0.5,3097
237.0,0.5,3097
336.0,-0.5,3097
96.0,0.5,3097
35.0,0.5,3097
990.0,0.5,3097
744.0,-0.5,3097
132.0,-0.5,3097
609.0,-0.5,3097
800.0,-0.5,3097
618.0,0.5,3097
195.0,0.5,3097
144.0,0.5,3097
62.0,0.5,3097
143.0,-0.5,3097
982.0,0.5,3097
40.0,0.5,3097
312.0,0.5,3097
330.0,0.5,3097
47.0,0.5,3097
116.0,0.5,3097
100.0,0.5,3097
109.0,0.5,3097
951.0,-0.5,3097
328.0,-0.5,3097
102.0,-0.5,3097
246.0,-0.5,3097
269.0,0.5,3097
62.0,0.5,3097
407.0,0.5,3097
903.0,0.5,3097
214.0,0.5,3097
603.0,0.5,3097
174.0,0.5,3097
232.0,0.5,3097
583.0,0.5,3097
68.0,0.5,3097
250.0,0.5,3097
12.0,-0.5,3097
313.0,0.5,3097
294.0,-0.5,3097
398.0,-0.5,3097
173.0,-0.5,3097
380.0,0.5,3097
516.0,-0.5,3097
292.0,0.5,3097
313.0,-0.5,3097
164.0,-0.5,3097
57.0,0.5,3097
175.0,0.5,3097
28.0,0.5,3097
150.0,0.5,3097
90.0,-0.5,3097
378.0,0.5,3097
37.0,0.5,3097
300.0,0.5,3097
181.0,-0.5,2301
892.0,-0.5,2301
370.0,-0.5,2301
313.0,0.5,2301
88.0,0.5,2301
289.0,0.5,2301
268.0,0.5,2301
646.0,0.5,2301
380.0,-0.5,2301
111.0,-0.5,2301
59.0,0.5,2301
299.0,0.5,2301
268.0,0.5,2301
207.0,0.5,2301
493.0,0.5,2301
260.0,-0.5,2301
550.0,-0.5,2301
293.0,0.5,2301
698.0,0.5,2301
397.0,0.5,2301
543.0,0.5,2301
258.0,0.5,2301
551.0,0.5,2301
850.0,0.5,2301
103.0,-0.5,2301
116.0,0.5,2301
337.0,0.5,2301
35.0,0.5,2301
252.0,0.5,2301
141.0,0.5,2301
466.0,0.5,2301
177.0,-0.5,2301
142.0,0.5,2301
134.0,0.5,2301
83.0,0.5,2301
147.0,0.5,2301
441.0,0.5,2301
640.0,-0.5,2301
142.0,0.5,2301
264.0,0.5,2301
805.0,-0.5,2301
302.0,0.5,2301
457.0,0.5,2301
259.0,-0.5,2301
359.0,0.5,2301
80.0,-0.5,2301
634.0,-0.5,2301
910.0,-0.5,2301
392.0,-0.5,2301
764.0,0.5,2301
444.0,0.5,2301
736.0,-0.5,2301
5.0,0.5,2301
546.0,0.5,2301
61.0,0.5,2301
122.0,-0.5,2301
909.0,-0.5,2301
123.0,0.5,2301
659.0,-0.5,2301
23.0,0.5,2301
65.0,0.5,2301
833.0,-0.5,3809
175.0,0.5,3809
806.0,-0.5,3809
149.0,0.5,3809
89.0,0.5,3809
403.0,-0.5,3809
516.0,-0.5,3809
648.0,0.5,3809
449.0,-0.5,3809
569.0,-0.5,3809
101.0,-0.5,3809
134.0,0.5,3809
385.0,0.5,3809
716.0,-0.5,3809
369.0,-0.5,3809
358.0,0.5,3809
475.0,-0.5,3809
105.0,0.5,3809
441.0,-0.5,3809
69.0,-0.5,3809
318.0,0.5,3809
911.0,0.5,3809
346.0,-0.5,3809
223.0,-0.5,3809
76.0,0.5,3809
272.0,0.5,3809
659.0,-0.5,3809
419.0,0.5,3809
388.0,-0.5,3809
513.0,0.5,3809
965.0,-0.5,3809
132.0,-0.5,3809
438.0,0.5,3809
130.0,0.5,3809
632.0,-0.5,3809
122.0,-0.5,3809
663.0,0.5,3809
460.0,-0.5,3809
226.0,0.5,3809
82.0,0.5,3809
761.0,-0.5,3809
646.0,0.5,3809
358.0,0.5,3809
179.0,0.5,3809
953.0,-0.5,3809
179.0,0.5,3809
914.0,0.5,3809
342.0,-0.5,3809
60.0,-0.5,3809
140.0,0.5,3770
77.0,0.5,3770
458.0,0.5,3770
286.0,0.5,3770
204.0,0.5,3770
199.0,0.5,3770
511.0,-0.5,3770
174.0,0.5,3770
485.0,-0.5,3770
511.0,0.5,3770
71.0,0.5,3770
413.0,0.5,3770
433.0,-0.5,3770
840.0,0.5,3770
354.0,-0.5,3770
193.0,0.5,3770
437.0,-0.5,3770
629.0,0.5,3770
603.0,-0.5,3770
696.0,-0.5,3770
866.0,0.5,3770
265.0,0.5,3770
494.0,-0.5,3770
175.0,0.5,3770
314.0,0.5,3770
169.0,0.5,3770
3.0,0.5,3770
812.0,-0.5,3770
192.0,0.5,3770
865.0,0.5,3770
528.0,-0.5,3770
153.0,0.5,3770
184.0,0.5,3770
74.0,0.5,3770
207.0,0.5,3770
964.0,-0.5,3770
627.0,-0.5,3770
100.0,0.5,3770
969.0,0.5,3770
200.0,-0.5,4340
555.0,-0.5,4340
842.0,0.5,4340
97.0,-0.5,4340
211.0,0.5,4340
452.0,-0.5,4340
404.0,0.5,4340
304.0,0.5,4340
568.0,-0.5,4340
121.0,-0.5,4340
981.0,-0.5,4340
348.0,0.5,4340
421.0,-0.5,4340
575.0,0.5,4340
248.0,-0.5,4340
92.0,-0.5,4340
312.0,0.5,4340
383.0,0.5,4340
363.0,0.5,4340
407.0,-0.5,4340
791.0,-0.5,4340
667.0,-0.5,4340
140.0,-0.5,4340
145.0,0.5,4340
972.0,-0.5,4340
202.0,0.5,4340
132.0,-0.5,4340
387.0,0.5,4340
647.0,0.5,4340
349.0,0.5,4340
373.0,-0.5,4340
370.0,-0.5,4340
417.0,0.5,4340
275.0,0.5,4340
37.0,0.5,4340
207.0,0.5,4340
343.0,0.5,4340
781.0,-0.5,4340
698.0,0.5,4340
301.0,-0.5,4340
344.0,0.5,4340
142.0,0.5,4340
803.0,0.5,4340
618.0,0.5,4340
306.0,0.5,4340
29.0,0.5,4340
165.0,-0.5,4340
340.0,0.5,4340
91.0,0.5,4340
905.0,0.5,4340
211.0,-0.5,4340
254.0,0.5,4340
727.0,-0.5,4340
468.0,0.5,4340
782.0,0.5,2648
81.0,0.5,2648
286.0,0.5,2648
202.0,0.5,2648
290.0,-0.5,2648
255.0,-0.5,2648
384.0,0.5,2648
346.0,-0.5,2648
4.0,0.5,2648
725.0,0.5,2648
452.0,-0.5,2648
844.0,0.5,2648
502.0,0.5,2648
413.0,0.5,2648
271.0,-0.5,2648
353.0,0.5,2648
528.0,0.5,2648
646.0,-0.5,2648
151.0,-0.5,2648
599.0,0.5,2648
369.0,0.5,2648
380.0,0.5,2648
310.0,0.5,2648
324.0,-0.5,2648
116.0,0.5,2648
588.0,-0.5,2648
283.0,-0.5,2648
209.0,0.5,2648
226.0,-0.5,2648
866.0,0.5,2648
10.0,0.5,2648
94.0,0.5,2648
27.0,0.5,2648
217.0,0.5,2648
489.0,-0.5,2648
34.0,0.5,2648
312.0,-0.5,2648
725.0,-0.5,2648
349.0,-0.5,2648
482.0,-0.5,2648
305.0,-0.5,2648
30.0,0.5,2648
617.0,-0.5,2648
330.0,0.5,2648
827.0,-0.5,2648
100.0,0.5,2648
894.0,-0.5,2648
243.0,0.5,2648
234.0,-0.5,2648
260.0,-0.5,2648
612.0,0.5,2648
522.0,0.5,2648
259.0,-0.5,2648
4.0,0.5,2648
22.0,0.5,2648
596.0,0.5,2648
294.0,-0.5,2648
52.0,0.5,2648
272.0,-0.5,2648
435.0,-0.5,2648
244.0,-0.5,2648
468.0,0.5,2648
339.0,-0.5,2648
369.0,-0.5,2648
274.0,0.5,2648
369.0,-0.5,2648
597.0,0.5,2648
567.0,0.5,2648
128.0,-0.5,2648
478.0,-0.5,2648
181.0,-0.5,2648
89.0,0.5,2648
436.0,0.5,2648
180.0,0.5,2648
260.0,-0.5,2648
192.0,-0.5,2648
491.0,-0.5,2648
608.0,0.5,2648
825.0,-0.5,2648
305.0,-0.5,2648
215.0,-0.5,2648
729.0,-0.5,4646
192.0,0.5,4646
142.0,0.5,4646
396.0,-0.5,4646
733.0,-0.5,4646
427.0,0.5,4646
501.0,-0.5,4646
297.0,0.5,4646
246.0,0.5,4646
729.0,0.5,4646
749.0,-0.5,4646
102.0,0.5,4646
889.0,-0.5,4646
349.0,-0.5,4646
156.0,-0.5,4646
979.0,0.5,4646
132.0,0.5,4646
7.0,0.5,4646
180.0,0.5,4646
523.0,-0.5,4646
409.0,0.5,4646
668.0,0.5,4646
76.0,0.5,4646
360.0,-0.5,4646
164.0,0.5,4646
718.0,0.5,4646
449.0,-0.5,4646
747.0,0.5,4646
556.0,0.5,4646
508.0,0.5,4646
776.0,-0.5,4646
231.0,0.5,4646
591.0,-0.5,4646
877.0,0.5,4646
154.0,-0.5,4646
344.0,0.5,4646
344.0,0.5,4646
938.0,0.5,4646
478.0,-0.5,4646
643.0,0.5,4646
60.0,0.5,4646
896.0,0.5,4646
229.0,0.5,4646
100.0,-0.5,4646
377.0,-0.5,4646
265.0,0.5,4646
799.0,0.5,4646
910.0,-0.5,2672
910.0,-0.5,2672
62.0,0.5,2672
903.0,0.5,2672
297.0,-0.5,2672
327.0,0.5,2672
180.0,0.5,2672
733.0,0.5,2672
369.0,-0.5,2672
207.0,0.5,2672
433.0,0.5,2672
268.0,0.5,2672
647.0,0.5,2672
76.0,0.5,2672
860.0,-0.5,2672
593.0,0.5,2672
457.0,0.5,2672
498.0,0.5,2672
456.0,-0.5,2672
124.0,0.5,2672
540.0,-0.5,2672
192.0,-0.5,2672
158.0,0.5,2672
988.0,0.5,2672
281.0,0.5,2672
726.0,0.5,2672
939.0,0.5,2672
185.0,-0.5,2672
118.0,0.5,2672
26.0,0.5,2672
68.0,0.5,2672
323.0,0.5,2672
301.0,0.5,2672
303.0,0.5,2672
273.0,-0.5,2672
256.0,0.5,2672
152.0,0.5,2672
993.0,0.5,2672
60.0,0.5,2672
576.0,0.5,2672
566.0,-0.5,2672
368.0,0.5,2672
921.0,-0.5,2672
163.0,0.5,2672
225.0,0.5,2672
396.0,0.5,2672
493.0,-0.5,2672
654.0,-0.5,2672
249.0,-0.5,2672
516.0,-0.5,2672
110.0,0.5,2672
810.0,0.5,2672
900.0,-0.5,2672
180.0,-0.5,2672
230.0,0.5,2672
573.0,0.5,2672
899.0,-0.5,2672
286.0,-0.5,2672
199.0,-0.5,2672
697.0,-0.5,2672
110.0,0.5,2672
430.0,0.5,2672
195.0,0.5,2672
193.0,0.5,2672
599.0,-0.5,2672
167.0,0.5,2672
369.0,-0.5,2672
764.0,0.5,2672
702.0,-0.5,2672
716.0,-0.5,2672
908.0,-0.5,2672
584.0,-0.5,2672
629.0,0.5,2672
275.0,-0.5,2672
143.0,-0.5,2672
481.0,0.5,2672
548.0,0.5,2672
780.0,0.5,2672
983.0,-0.5,2672
666.0,-0.5,2672
600.0,0.5,2672
21.0,0.5,2672
817.0,0.5,2672
880.0,0.5,2672
358.0,-0.5,2672
208.0,0.5,2672
202.0,0.5,2672
867.0,0.5,2672
218.0,-0.5,2672
24.0,0.5,2672
382.0,0.5,2672
79.0,0.5,2672
828.0,0.5,2672
736.0,0.5,2672
465.0,0.5,2672
676.0,-0.5,2672
800.0,-0.5,2672
738.0,-0.5,2672
70.0,-0.5,2602
304.0,0.5,2602
111.0,0.5,2602
759.0,-0.5,2602
280.0,-0.5,2602
580.0,0.5,2602
280.0,-0.5,2602
191.0,0.5,2602
850.0,0.5,2602
926.0,-0.5,2602
211.0,0.5,2602
899.0,-0.5,2602
267.0,0.5,2602
964.0,-0.5,2602
738.0,0.5,2602
72.0,0.5,2602
414.0,0.5,2602
905.0,-0.5,2602
858.0,-0.5,2602
115.0,0.5,2602
265.0,0.5,2602
226.0,0.5,2602
367.0,0.5,2602
563.0,0.5,2602
390.0,-0.5,2602
100.0,0.5,2602
130.0,0.5,2602
713.0,-0.5,2602
210.0,-0.5,2602
300.0,-0.5,2602
587.0,-0.5,2602
608.0,0.5,2602
190.0,-0.5,2602
150.0,0.5,2602
263.0,0.5,2602
700.0,-0.5,2602
248.0,0.5,2602
90.0,-0.5,2602
134.0,0.5,2602
942.0,0.5,2602
610.0,-0.5,2602
947.0,-0.5,4771
531.0,-0.5,4771
728.0,-0.5,4771
370.0,-0.5,4771
669.0,-0.5,4771
290.0,-0.5,4771
540.0,-0.5,4771
776.0,0.5,4771
526.0,-0.5,4771
224.0,0.5,4771
142.0,0.5,4771
532.0,-0.5,4771
206.0,-0.5,4771
130.0,0.5,4771
638.0,-0.5,4771
656.0,-0.5,4771
876.0,0.5,4771
587.0,-0.5,4771
166.0,0.5,4771
171.0,0.5,4771
490.0,-0.5,4771
104.0,0.5,4771
591.0,-0.5,4771
815.0,-0.5,4771
349.0,0.5,4771
584.0,-0.5,4771
794.0,-0.5,4771
236.0,0.5,4771
696.0,-0.5,4771
59.0,0.5,4771
424.0,-0.5,4771
319.0,0.5,4771
357.0,-0.5,4771
851.0,-0.5,4771
896.0,-0.5,4771
15.0,0.5,2571
230.0,-0.5,2571
286.0,0.5,2571
204.0,0.5,2571
446.0,0.5,2571
60.0,-0.5,2571
944.0,-0.5,2571
700.0,-0.5,2571
739.0,0.5,2571
180.0,-0.5,2571
710.0,-0.5,2571
200.0,-0.5,2571
181.0,-0.5,2571
339.0,-0.5,2571
278.0,-0.5,2571
294.0,-0.5,2571
290.0,-0.5,2571
207.0,0.5,2571
397.0,-0.5,2571
389.0,-0.5,2571
40.0,0.5,2571
154.0,0.5,2571
87.0,0.5,2571
264.0,0.5,2571
180.0,-0.5,2571
31.0,0.5,2571
290.0,-0.5,2571
510.0,-0.5,2571
281.0,0.5,2571
570.0,-0.5,2571
557.0,-0.5,2571
15.0,0.5,2571
255.0,0.5,2571
829.0,0.5,2571
183.0,0.5,2571
415.0,0.5,2571
615.0,-0.5,2571
95.0,-0.5,2571
381.0,-0.5,2571
376.0,-0.5,2571
92.0,0.5,2571
500.0,-0.5,2571
370.0,-0.5,2571
384.0,-0.5,2571
282.0,0.5,2571
150.0,-0.5,2571
39.0,0.5,2571
309.0,0.5,2571
202.0,0.5,2571
188.0,0.5,2571
130.0,-0.5,2571
161.0,0.5,2571
487.0,0.5,2571
558.0,0.5,2571
136.0,0.5,2571
336.0,0.5,2571
218.0,-0.5,2571
717.0,-0.5,2571
49.0,-0.5,2571
450.0,-0.5,2571
343.0,-0.5,2571
415.0,-0.5,2571
440.0,-0.5,2571
339.0,-0.5,2571
211.0,-0.5,2571
90.0,-0.5,2571
594.0,-0.5,2571
145.0,0.5,2571
252.0,-0.5,2571
350.0,-0.5,2571
425.0,-0.5,2571
388.0,-0.5,2571
268.0,-0.5,2571
267.0,0.5,2571
131.0,0.5,2571
170.0,0.5,2571
467.0,-0.5,2571
705.0,0.5,2571
100.0,-0.5,2571
20.0,0.5,2571
313.0,0.5,2571
871.0,-0.5,2571
339.0,-0.5,3405
974.0,0.5,3405
267.0,0.5,3405
413.0,-0.5,3405
504.0,0.5,3405
252.0,0.5,3405
56.0,0.5,3405
405.0,0.5,3405
629.0,-0.5,3405
247.0,0.5,3405
105.0,0.5,3405
370.0,-0.5,3405
301.0,-0.5,3405
842.0,-0.5,3405
283.0,-0.5,3405
435.0,-0.5,3405
315.0,0.5,3405
705.0,-0.5,3405
95.0,0.5,3405
234.0,0.5,3405
494.0,-0.5,3405
520.0,-0.5,3405
545.0,-0.5,3405
847.0,-0.5,3405
395.0,-0.5,3405
498.0,-0.5,3405
358.0,-0.5,3405
635.0,0.5,3405
768.0,0.5,3405
72.0,0.5,3405
445.0,-0.5,3405
310.0,-0.5,3405
663.0,0.5,3405
649.0,-0.5,3405
539.0,-0.5,3405
694.0,-0.5,3405
803.0,-0.5,3405
232.0,0.5,3405
163.0,0.5,3405
57.0,0.5,3071
70.0,0.5,3071
913.0,-0.5,3071
150.0,-0.5,3071
65.0,0.5,3071
275.0,-0.5,3071
260.0,-0.5,3071
22.0,0.5,3071
449.0,0.5,3071
139.0,0.5,3071
31.0,0.5,3071
89.0,0.5,3071
58.0,0.5,3071
90.0,-0.5,3071
392.0,-0.5,3071
373.0,-0.5,3071
71.0,0.5,3071
520.0,-0.5,3071
904.0,-0.5,3071
2.0,0.5,3071
578.0,-0.5,3071
422.0,-0.5,3071
152.0,0.5,3071
316.0,-0.5,3071
196.0,-0.5,3071
150.0,-0.5,3071
607.0,-0.5,3071
670.0,0.5,3071
274.0,0.5,3071
147.0,-0.5,3071
228.0,-0.5,3071
154.0,0.5,3071
814.0,-0.5,3071
489.0,-0.5,3071
399.0,-0.5,3071
765.0,-0.5,3071
181.0,0.5,3071
376.0,-0.5,3071
273.0,0.5,3071
250.0,0.5,3071
101.0,-0.5,3071
186.0,0.5,3071
510.0,0.5,3071
17.0,0.5,3071
155.0,-0.5,3071
237.0,-0.5,3071
947.0,0.5,3071
641.0,0.5,3071
38.0,0.5,3071
118.0,0.5,3071
855.0,-0.5,3071
130.0,-0.5,3071
358.0,-0.5,3071
818.0,-0.5,3071
281.0,-0.5,3071
274.0,-0.5,3071
820.0,0.5,3252
664.0,-0.5,3252
659.0,-0.5,3252
377.0,-0.5,3252
309.0,-0.5,3252
740.0,-0.5,3252
920.0,0.5,3252
397.0,0.5,3252
341.0,0.5,3252
650.0,-0.5,3252
143.0,0.5,3252
380.0,0.5,3252
317.0,0.5,3252
527.0,0.5,3252
238.0,0.5,3252
305.0,-0.5,3252
74.0,0.5,3252
511.0,-0.5,3252
170.0,0.5,3252
754.0,0.5,3252
551.0,-0.5,3252
261.0,0.5,3252
110.0,0.5,3252
23.0,0.5,3252
642.0,-0.5,3252
938.0,-0.5,3252
344.0,0.5,3252
222.0,-0.5,3252
270.0,0.5,3252
165.0,0.5,3252
468.0,0.5,3252
10.0,0.5,3252
463.0,-0.5,3252
593.0,-0.5,3252
800.0,-0.5,3252
546.0,-0.5,3252
170.0,-0.5,3252
618.0,-0.5,3252
710.0,-0.5,3252
746.0,-0.5,3252
520.0,-0.5,3252
697.0,-0.5,3252
124.0,0.5,3283
169.0,0.5,3283
251.0,0.5,3283
163.0,0.5,3283
371.0,0.5,3283
167.0,0.5,3283
305.0,0.5,3283
331.0,0.5,3283
475.0,-0.5,3283
645.0,-0.5,3283
442.0,0.5,3283
229.0,-0.5,3283
209.0,0.5,3283
181.0,0.5,3283
268.0,0.5,3283
685.0,0.5,3283
384.0,-0.5,3283
470.0,-0.5,3283
15.0,0.5,3283
731.0,-0.5,3283
205.0,0.5,3283
440.0,-0.5,3283
57.0,0.5,3283
533.0,0.5,3283
772.0,-0.5,3283
520.0,0.5,3283
309.0,-0.5,3283
33.0,0.5,3283
25.0,0.5,3283
191.0,0.5,3283
313.0,-0.5,3283
614.0,-0.5,3283
583.0,0.5,3283
880.0,0.5,3283
452.0,0.5,3283
73.0,0.5,3283
271.0,-0.5,3283
885.0,-0.5,3283
300.0,0.5,3283
804.0,-0.5,3283
66.0,0.5,3952
8.0,0.5,3952
282.0,-0.5,3952
400.0,0.5,3952
509.0,-0.5,3952
126.0,0.5,3952
580.0,-0.5,3952
858.0,-0.5,3952
769.0,-0.5,3952
216.0,0.5,3952
132.0,0.5,3952
95.0,0.5,3952
199.0,0.5,3952
153.0,0.5,3952
350.0,-0.5,3952
274.0,0.5,3952
57.0,0.5,3952
11.0,0.5,3952
201.0,0.5,3952
444.0,0.5,3952
265.0,0.5,3952
213.0,0.5,3952
463.0,0.5,3952
321.0,0.5,3952
305.0,0.5,3952
116.0,0.5,3952
199.0,-0.5,3952
377.0,0.5,3952
145.0,-0.5,3952
286.0,0.5,3952
57.0,0.5,3952
178.0,0.5,3952
711.0,0.5,3952
720.0,-0.5,3952
249.0,-0.5,3952
193.0,0.5,3952
234.0,-0.5,3952
250.0,0.5,3952
770.0,0.5,3952
720.0,-0.5,3952
419.0,0.5,3952
947.0,-0.5,3952
270.0,0.5,3952
395.0,0.5,3952
395.0,0.5,3952
10.0,0.5,3952
584.0,0.5,3952
144.0,0.5,3952
265.0,0.5,3952
581.0,-0.5,3952
301.0,0.5,3952
1.0,0.5,3952
358.0,0.5,3952
36.0,0.5,3952
304.0,0.5,3952
126.0,0.5,3952
397.0,0.5,3952
97.0,0.5,3952
227.0,0.5,3080
249.0,0.5,3080
390.0,0.5,3080
311.0,0.5,3080
458.0,0.5,3080
190.0,-0.5,3080
137.0,0.5,3080
151.0,0.5,3080
211.0,0.5,3080
246.0,0.5,3080
187.0,0.5,3080
146.0,0.5,3080
392.0,-0.5,3080
113.0,0.5,3080
294.0,0.5,3080
199.0,0.5,3080
392.0,-0.5,3080
673.0,0.5,3080
162.0,0.5,3080
220.0,-0.5,3080
128.0,-0.5,3080
66.0,0.5,3080
138.0,0.5,3080
168.0,0.5,3080
729.0,0.5,3080
414.0,0.5,3080
180.0,0.5,3080
352.0,0.5,3080
164.0,0.5,3080
150.0,0.5,3080
152.0,0.5,3080
557.0,0.5,3080
101.0,0.5,3080
425.0,0.5,3080
220.0,-0.5,3080
201.0,0.5,3080
297.0,-0.5,3080
279.0,-0.5,3080
591.0,0.5,3080
82.0,0.5,3080
382.0,0.5,3080
164.0,0.5,3080
447.0,0.5,3080
152.0,0.5,3080
671.0,0.5,3080
223.0,0.5,3080
634.0,0.5,3080
149.0,-0.5,3080
688.0,0.5,3080
433.0,-0.5,3080
59.0,0.5,3080
4.0,0.5,3080
38.0,0.5,3080
947.0,0.5,3080
139.0,0.5,3080
308.0,0.5,3080
456.0,0.5,3080
189.0,0.5,3080
290.0,-0.5,3080
298.0,0.5,3080
48.0,0.5,3080
78.0,0.5,3080
386.0,0.5,3080
266.0,0.5,3080
349.0,0.5,3080
315.0,0.5,3080
343.0,0.5,3080
510.0,-0.5,3080
230.0,-0.5,3080
416.0,0.5,3080
113.0,0.5,3080
625.0,0.5,3080
183.0,0.5,3080
117.0,0.5,3080
357.0,0.5,3080
559.0,0.5,3080
361.0,0.5,3080
34.0,0.5,3080
294.0,0.5,2608
131.0,0.5,2608
835.0,-0.5,2608
439.0,0.5,2608
70.0,0.5,2608
479.0,0.5,2608
374.0,0.5,2608
537.0,0.5,2608
387.0,0.5,2608
197.0,0.5,2608
417.0,0.5,2608
570.0,-0.5,2608
94.0,0.5,2608
364.0,0.5,2608
320.0,0.5,2608
290.0,0.5,2608
23.0,0.5,2608
255.0,0.5,2608
148.0,0.5,2608
109.0,0.5,2608
320.0,0.5,2608
460.0,-0.5,2608
346.0,0.5,2608
75.0,0.5,2608
58.0,0.5,2608
481.0,0.5,2608
429.0,0.5,2608
22.0,0.5,2608
224.0,0.5,2608
650.0,-0.5,2608
170.0,-0.5,2608
278.0,0.5,2608
285.0,0.5,2608
210.0,-0.5,2608
23.0,0.5,2608
537.0,0.5,2608
800.0,-0.5,2608
760.0,-0.5,2608
281.0,0.5,2608
66.0,0.5,2608
77.0,0.5,2608
134.0,0.5,2608
181.0,0.5,2608
153.0,0.5,2608
140.0,-0.5,2608
624.0,0.5,2608
20.0,-0.5,2608
230.0,-0.5,2608
87.0,0.5,2608
308.0,0.5,2608
85.0,0.5,2608
170.0,-0.5,2608
330.0,-0.5,2608
268.0,0.5,2608
373.0,0.5,2608
540.0,-0.5,2608
120.0,-0.5,2608
940.0,-0.5,2608
780.0,0.5,2608
267.0,0.5,2608
956.0,-0.5,2608
615.0,0.5,2608
723.0,-0.5,2608
212.0,-0.5,2608
260.0,0.5,2608
196.0,0.5,2608
131.0,0.5,2608
638.0,0.5,2608
210.0,-0.5,2608
218.0,0.5,2608
190.0,0.5,2608
428.0,-0.5,2608
450.0,-0.5,2608
188.0,0.5,2608
80.0,-0.5,2608
159.0,0.5,2608
103.0,0.5,2608
287.0,0.5,2608
708.0,0.5,2608
309.0,0.5,2608
320.0,-0.5,2608
154.0,0.5,2608
445.0,0.5,2608
132.0,0.5,2608
139.0,0.5,2608
393.0,0.5,2608
942.0,0.5,2608
103.0,0.5,2608
254.0,0.5,2608
540.0,0.5,2608
15.0,0.5,2608
993.0,0.5,2608
329.0,0.5,2608
130.0,-0.5,2608
230.0,-0.5,2608
738.0,0.5,2608
366.0,0.5,2608
691.0,0.5,2608
598.0,0.5,2608
200.0,-0.5,2608
371.0,0.5,2608
271.0,0.5,2608
130.0,-0.5,2608
150.0,0.5,2608
686.0,0.5,2608
187.0,0.5,2608
217.0,0.5,2608
296.0,0.5,2608
49.0,0.5,2608
566.0,0.5,2608
477.0,0.5,2608
70.0,-0.5,2608
320.0,-0.5,2608
355.0,0.5,2608
494.0,0.5,2608
50.0,-0.5,2608
247.0,0.5,2608
89.0,0.5,2608
388.0,0.5,2608
300.0,-0.5,2608
458.0,0.5,2608
15.0,0.5,2608
310.0,-0.5,2608
294.0,0.5,2608
59.0,0.5,2608
111.0,0.5,2608
377.0,-0.5,2608
570.0,-0.5,2608
236.0,0.5,2608
450.0,-0.5,2608
263.0,0.5,2608
244.0,0.5,2608
628.0,-0.5,2608
89.0,0.5,2608
328.0,0.5,2608
736.0,-0.5,2608
90.0,-0.5,2608
98.0,0.5,2608
409.0,0.5,2608
289.0,0.5,2608
297.0,0.5,2608
340.0,0.5,2608
124.0,0.5,2608
330.0,-0.5,2608
473.0,-0.5,2608
183.0,0.5,2608
37.0,0.5,2608
275.0,0.5,2608
812.0,0.5,2608
371.0,0.5,2608
110.0,-0.5,2608
192.0,0.5,2608
326.0,0.5,2608
167.0,0.5,2608
175.0,0.5,2608
315.0,0.5,2608
755.0,0.5,2608
292.0,0.5,2608
520.0,-0.5,2608
124.0,0.5,2608
580.0,-0.5,2608
420.0,-0.5,2608
627.0,0.5,2608
197.0,0.5,2608
690.0,-0.5,2608
260.0,-0.5,2608
802.0,-0.5,2608
720.0,-0.5,2608
410.0,-0.5,2608
174.0,0.5,2608
946.0,-0.5,2608
550.0,-0.5,2608
438.0,-0.5,3810
373.0,-0.5,3810
267.0,-0.5,3810
783.0,-0.5,3810
444.0,0.5,3810
443.0,-0.5,3810
92.0,0.5,3810
47.0,0.5,3810
35.0,0.5,3810
233.0,0.5,3810
286.0,-0.5,3810
54.0,0.5,3810
987.0,0.5,3810
55.0,0.5,3810
51.0,0.5,3810
230.0,-0.5,3810
40.0,0.5,3810
970.0,-0.5,3810
428.0,0.5,3810
230.0,-0.5,3810
218.0,0.5,3810
203.0,-0.5,3810
15.0,0.5,3810
284.0,0.5,3810
229.0,0.5,3810
260.0,-0.5,3810
201.0,0.5,3810
454.0,-0.5,3810
395.0,0.5,3810
96.0,0.5,3810
111.0,0.5,3810
52.0,0.5,3810
893.0,-0.5,3810
90.0,0.5,3810
375.0,0.5,3810
240.0,-0.5,3810
523.0,-0.5,3810
83.0,0.5,3810
705.0,-0.5,3810
757.0,-0.5,3810
554.0,-0.5,3810
313.0,0.5,3810
162.0,-0.5,3810
139.0,0.5,3810
399.0,0.5,3810
242.0,0.5,3810
62.0,0.5,3810
208.0,-0.5,3810
342.0,0.5,3810
640.0,0.5,3810
437.0,-0.5,3810
876.0,0.5,3810
328.0,0.5,3821
176.0,0.5,3821
637.0,-0.5,3821
710.0,-0.5,3821
406.0,0.5,3821
104.0,0.5,3821
253.0,0.5,3821
163.0,0.5,3821
451.0,0.5,3821
722.0,-0.5,3821
280.0,-0.5,3821
265.0,0.5,3821
450.0,0.5,3821
356.0,-0.5,3821
213.0,0.5,3821
30.0,0.5,3821
65.0,0.5,3821
298.0,-0.5,3821
234.0,-0.5,3821
119.0,0.5,3821
97.0,-0.5,3821
596.0,-0.5,3821
623.0,0.5,3821
150.0,0.5,3821
525.0,-0.5,3821
195.0,0.5,3821
342.0,0.5,3821
566.0,0.5,3821
371.0,0.5,3821
230.0,0.5,3821
444.0,-0.5,3821
128.0,0.5,3821
406.0,-0.5,3821
678.0,-0.5,3821
624.0,-0.5,3821
764.0,-0.5,3821
553.0,0.5,3821
485.0,-0.5,3821
268.0,0.5,3821
185.0,-0.5,3821
623.0,-0.5,3821
24.0,0.5,3821
20.0,0.5,3821
51.0,0.5,3821
147.0,-0.5,3821
305.0,-0.5,3821
289.0,0.5,3469
281.0,0.5,3469
957.0,0.5,3469
229.0,0.5,3469
178.0,0.5,3469
494.0,0.5,3469
140.0,-0.5,3469
253.0,0.5,3469
351.0,0.5,3469
179.0,0.5,3469
341.0,0.5,3469
70.0,-0.5,3469
423.0,0.5,3469
330.0,-0.5,3469
208.0,0.5,3469
284.0,0.5,3469
4.0,0.5,3469
380.0,-0.5,3469
626.0,0.5,3469
116.0,0.5,3469
314.0,0.5,3469
417.0,0.5,3469
670.0,0.5,3469
627.0,-0.5,3469
405.0,0.5,3469
163.0,0.5,3469
453.0,0.5,3469
686.0,0.5,3469
760.0,0.5,3469
198.0,0.5,3469
150.0,-0.5,3469
20.0,-0.5,3469
589.0,0.5,3469
26.0,0.5,3469
117.0,0.5,3469
167.0,0.5,3469
105.0,0.5,3469
100.0,-0.5,3469
71.0,0.5,3469
447.0,0.5,3469
160.0,-0.5,3469
300.0,-0.5,3469
516.0,0.5,3469
590.0,-0.5,3469
80.0,-0.5,3469
284.0,0.5,3469
668.0,-0.5,3469
314.0,0.5,3469
80.0,-0.5,3469
617.0,-0.5,3469
342.0,-0.5,3469
365.0,0.5,3979
199.0,0.5,3979
275.0,-0.5,3979
158.0,-0.5,3979
181.0,-0.5,3979
503.0,0.5,3979
990.0,-0.5,3979
461.0,-0.5,3979
608.0,0.5,3979
105.0,0.5,3979
174.0,0.5,3979
250.0,0.5,3979
270.0,0.5,3979
107.0,0.5,3979
192.0,-0.5,3979
190.0,0.5,3979
259.0,0.5,3979
105.0,0.5,3979
513.0,-0.5,3979
320.0,0.5,3979
76.0,-0.5,3979
452.0,-0.5,3979
497.0,-0.5,3979
234.0,0.5,3979
370.0,0.5,3979
473.0,-0.5,3979
820.0,-0.5,3979
270.0,-0.5,3979
668.0,0.5,3979
266.0,0.5,3979
329.0,0.5,3979
297.0,0.5,3979
730.0,-0.5,2191
484.0,-0.5,2191
148.0,0.5,2191
133.0,0.5,2191
156.0,0.5,2191
194.0,0.5,2191
533.0,-0.5,2191
128.0,0.5,2191
412.0,0.5,2191
355.0,0.5,2191
30.0,0.5,2191
203.0,-0.5,2191
241.0,-0.5,2191
162.0,0.5,2191
62.0,0.5,2191
252.0,0.5,2191
273.0,0.5,2191
127.0,0.5,2191
80.0,-0.5,2191
187.0,0.5,2191
180.0,-0.5,2191
64.0,0.5,2191
848.0,-0.5,2191
587.0,-0.5,2191
379.0,0.5,2191
207.0,0.5,2191
116.0,-0.5,2191
28.0,0.5,2191
141.0,0.5,2191
390.0,0.5,2191
713.0,0.5,2191
99.0,0.5,2191
328.0,0.5,2191
686.0,-0.5,2191
296.0,0.5,2191
844.0,-0.5,2191
541.0,-0.5,2191
713.0,-0.5,2191
381.0,0.5,2191
106.0,0.5,2191
250.0,0.5,2191
784.0,-0.5,2191
73.0,0.5,2191
105.0,0.5,2191
359.0,0.5,2191
123.0,0.5,2191
137.0,0.5,2191
125.0,0.5,2191
18.0,0.5,2191
275.0,-0.5,2191
221.0,0.5,2191
136.0,-0.5,2191
12.0,0.5,2191
115.0,0.5,2191
531.0,-0.5,2191
161.0,0.5,2191
94.0,-0.5,2191
678.0,-0.5,2191
103.0,0.5,2191
561.0,-0.5,2191
54.0,0.5,2191
417.0,0.5,2191
440.0,0.5,2191
275.0,-0.5,2191
95.0,0.5,2191
972.0,0.5,2191
189.0,0.5,2191
219.0,0.5,2191
403.0,-0.5,2191
315.0,0.5,2191
80.0,-0.5,2191
676.0,-0.5,2191
600.0,-0.5,2191
824.0,-0.5,2191
115.0,0.5,2191
908.0,0.5,2191
199.0,-0.5,2191
110.0,0.5,2191
195.0,0.5,2191
327.0,0.5,2191
140.0,-0.5,2191
68.0,0.5,2191
508.0,-0.5,3340
332.0,-0.5,3340
343.0,-0.5,3340
96.0,0.5,3340
188.0,-0.5,3340
922.0,-0.5,3340
143.0,-0.5,3340
144.0,-0.5,3340
237.0,0.5,3340
115.0,-0.5,3340
141.0,0.5,3340
223.0,0.5,3340
103.0,0.5,3340
270.0,-0.5,3340
816.0,0.5,3340
120.0,0.5,3340
662.0,0.5,3340
674.0,0.5,3340
751.0,0.5,3340
271.0,0.5,3340
128.0,0.5,3340
74.0,0.5,3340
297.0,0.5,3340
203.0,0.5,3340
81.0,0.5,3340
192.0,0.5,3340
447.0,0.5,3340
94.0,-0.5,3340
102.0,0.5,3340
373.0,0.5,3340
124.0,-0.5,3340
763.0,0.5,3340
93.0,0.5,3340
130.0,0.5,3340
289.0,0.5,3340
214.0,-0.5,3340
292.0,0.5,3340
176.0,0.5,3340
646.0,0.5,3340
98.0,-0.5,3340
437.0,-0.5,3340
219.0,0.5,3340
54.0,0.5,3340
190.0,0.5,3340
396.0,-0.5,3340
399.0,-0.5,3340
439.0,-0.5,3340
299.0,0.5,3340
404.0,0.5,3340
260.0,-0.5,3340
532.0,-0.5,3340
365.0,-0.5,3340
46.0,0.5,3340
48.0,0.5,3340
126.0,-0.5,3340
209.0,0.5,3340
244.0,0.5,3340
563.0,-0.5,3340
148.0,0.5,3340
475.0,0.5,3340
44.0,0.5,3340
436.0,0.5,3340
459.0,-0.5,3340
133.0,0.5,3340
363.0,0.5,3340
240.0,0.5,3340
586.0,-0.5,3340
174.0,0.5,3340
15.0,0.5,3340
240.0,0.5,3340
737.0,-0.5,3340
392.0,-0.5,3340
124.0,-0.5,2546
245.0,-0.5,2546
789.0,-0.5,2546
734.0,-0.5,2546
224.0,-0.5,2546
815.0,0.5,2546
141.0,0.5,2546
260.0,-0.5,2546
160.0,-0.5,2546
266.0,-0.5,2546
300.0,-0.5,2546
17.0,0.5,2546
283.0,0.5,2546
222.0,-0.5,2546
16.0,0.5,2546
200.0,-0.5,2546
659.0,-0.5,2546
317.0,0.5,2546
597.0,-0.5,2546
182.0,0.5,2546
362.0,0.5,2546
542.0,-0.5,2546
623.0,0.5,2546
546.0,0.5,2546
43.0,0.5,2546
53.0,0.5,2546
110.0,-0.5,2546
572.0,0.5,2546
136.0,-0.5,2546
490.0,-0.5,2546
602.0,-0.5,2546
118.0,-0.5,2546
382.0,0.5,2546
296.0,0.5,2546
318.0,0.5,2546
299.0,0.5,2546
744.0,0.5,2546
223.0,0.5,2546
975.0,-0.5,2546
80.0,0.5,2546
535.0,-0.5,4341
384.0,-0.5,4341
297.0,-0.5,4341
404.0,0.5,4341
320.0,0.5,4341
814.0,-0.5,4341
914.0,0.5,4341
726.0,0.5,4341
504.0,-0.5,4341
983.0,-0.5,4341
494.0,-0.5,4341
117.0,-0.5,4341
110.0,-0.5,4341
253.0,-0.5,4341
153.0,0.5,4341
882.0,-0.5,4341
249.0,-0.5,4341
740.0,-0.5,4341
679.0,-0.5,4341
206.0,0.5,4341
908.0,0.5,4341
991.0,0.5,4341
571.0,0.5,4341
373.0,0.5,4341
564.0,-0.5,4341
270.0,0.5,4341
825.0,-0.5,4341
796.0,0.5,4341
218.0,0.5,4341
969.0,0.5,4341
140.0,-0.5,4341
211.0,-0.5,4341
910.0,0.5,4341
327.0,-0.5,2610
454.0,-0.5,2610
697.0,-0.5,2610
546.0,-0.5,2610
478.0,0.5,2610
361.0,-0.5,2610
418.0,-0.5,2610
257.0,0.5,2610
636.0,0.5,2610
523.0,0.5,2610
869.0,-0.5,2610
434.0,-0.5,2610
241.0,0.5,2610
9.0,0.5,2610
320.0,-0.5,2610
9.0,0.5,2610
377.0,-0.5,2610
299.0,0.5,2610
485.0,0.5,2610
240.0,0.5,2610
376.0,-0.5,2610
9.0,0.5,2610
402.0,0.5,2610
179.0,0.5,2610
4.0,0.5,2610
461.0,0.5,2610
31.0,0.5,2610
422.0,0.5,2610
401.0,0.5,2610
41.0,0.5,2610
692.0,-0.5,2610
268.0,-0.5,2610
646.0,-0.5,2610
457.0,0.5,2610
610.0,-0.5,2610
266.0,0.5,2610
865.0,0.5,2610
754.0,-0.5,2610
843.0,-0.5,2610
382.0,0.5,2610
83.0,0.5,2610
293.0,-0.5,2610
113.0,0.5,2610
232.0,0.5,2610
539.0,-0.5,2610
381.0,0.5,2610
738.0,0.5,2610
140.0,0.5,2610
835.0,-0.5,2610
927.0,0.5,2610
593.0,0.5,2610
377.0,-0.5,2610
249.0,-0.5,2610
304.0,0.5,2610
263.0,0.5,2610
194.0,0.5,2610
745.0,-0.5,2610
325.0,0.5,2610
59.0,0.5,2610
640.0,0.5,2610
28.0,0.5,2610
426.0,0.5,2610
209.0,0.5,2610
966.0,-0.5,2610
478.0,0.5,2610
329.0,0.5,2610
727.0,-0.5,2610
305.0,-0.5,2610
339.0,-0.5,2610
368.0,0.5,2610
455.0,0.5,2610
945.0,-0.5,2610
666.0,-0.5,2610
357.0,0.5,2610
587.0,0.5,2610
865.0,-0.5,2610
603.0,-0.5,2610
132.0,0.5,2610
55.0,0.5,2610
434.0,-0.5,2610
63.0,0.5,2610
336.0,0.5,2610
459.0,-0.5,2610
100.0,0.5,2610
803.0,0.5,2610
720.0,0.5,2610
318.0,0.5,2610
63.0,0.5,2610
410.0,-0.5,2104
113.0,0.5,2104
328.0,-0.5,2104
94.0,-0.5,2104
623.0,0.5,2104
806.0,0.5,2104
217.0,0.5,2104
317.0,-0.5,2104
939.0,-0.5,2104
696.0,-0.5,2104
139.0,-0.5,2104
871.0,-0.5,2104
434.0,-0.5,2104
55.0,0.5,2104
344.0,0.5,2104
150.0,0.5,2104
576.0,-0.5,2104
64.0,-0.5,2104
689.0,-0.5,2104
583.0,-0.5,2104
816.0,0.5,2104
685.0,-0.5,2104
680.0,-0.5,2104
470.0,-0.5,2104
369.0,-0.5,2104
346.0,0.5,2104
30.0,0.5,2104
164.0,0.5,2754
530.0,-0.5,2754
84.0,0.5,2754
450.0,0.5,2754
908.0,-0.5,2754
37.0,0.5,2754
661.0,0.5,2754
530.0,-0.5,2754
36.0,0.5,2754
14.0,0.5,2754
691.0,0.5,2754
290.0,-0.5,2754
487.0,0.5,2754
595.0,-0.5,2754
498.0,0.5,2754
646.0,0.5,2754
59.0,0.5,2754
857.0,-0.5,2754
396.0,-0.5,2754
480.0,-0.5,2754
240.0,-0.5,2754
195.0,0.5,2754
140.0,-0.5,2754
815.0,-0.5,2754
607.0,0.5,2754
292.0,0.5,2754
550.0,0.5,2754
819.0,0.5,2754
483.0,-0.5,2754
624.0,0.5,2754
129.0,0.5,2754
260.0,-0.5,2754
341.0,-0.5,2754
370.0,-0.5,2754
394.0,0.5,2754
162.0,-0.5,2754
460.0,-0.5,2754
364.0,-0.5,2754
576.0,-0.5,2754
632.0,0.5,2754
30.0,0.5,2754
134.0,0.5,2754
571.0,0.5,2754
410.0,0.5,2754
494.0,0.5,2754
332.0,0.5,2754
320.0,-0.5,2754
165.0,-0.5,2754
109.0,0.5,2754
482.0,-0.5,2754
679.0,0.5,2754
262.0,0.5,2754
130.0,0.5,2754
829.0,-0.5,2754
199.0,0.5,2754
235.0,0.5,2754
45.0,0.5,2754
160.0,0.5,2754
81.0,0.5,2754
540.0,-0.5,2754
110.0,-0.5,2754
593.0,-0.5,2754
7.0,0.5,2754
700.0,0.5,2754
306.0,-0.5,2754
783.0,0.5,2754
43.0,0.5,2754
371.0,0.5,2754
270.0,-0.5,2754
137.0,0.5,2754
190.0,-0.5,2754
260.0,-0.5,2754
629.0,0.5,2754
420.0,-0.5,2754
320.0,-0.5,2754
663.0,-0.5,2754
618.0,0.5,2754
121.0,0.5,2754
141.0,0.5,2754
420.0,-0.5,2754
20.0,0.5,2754
398.0,0.5,2754
46.0,0.5,2754
377.0,-0.5,2754
219.0,-0.5,2754
320.0,-0.5,2754
683.0,0.5,2754
269.0,-0.5,2754
494.0,0.5,2754
214.0,-0.5,2754
602.0,-0.5,2754
640.0,-0.5,2754
614.0,-0.5,2754
302.0,-0.5,2754
717.0,-0.5,2754
283.0,0.5,2754
84.0,0.5,2754
558.0,-0.5,2754
609.0,-0.5,2754
657.0,0.5,2754
881.0,-0.5,2754
290.0,-0.5,2754