turn_lengths,turn_words,turn_syllables,tcus_per_turn
2006.0,5,10,1
1448.0,4,4,2
4147.0,4,4,1
282.0,15,17,1
3158.0,7,10,2
5884.0,24,26,3
1618.0,3,3,1
4136.0,7,9,1
12131.0,54,61,4
687.0,3,3,1
6399.0,25,38,4
2424.0,2,2,1
6154.0,28,35,3
1331.0,4,7,1
348.0,4,7,1
1933.0,1,1,1
9292.0,34,42,6
1532.0,8,8,1
1147.0,9,10,1
238.0,3,3,1
2856.0,6,10,2
512.0,6,8,1
12690.0,42,48,7
1996.0,1,1,1
946.0,8,10,1
738.0,4,4,1
389.0,5,5,2
615.0,1,1,1
3988.0,21,29,2
9050.0,25,30,4
216.0,13,16,1
5247.0,21,25,4
2301.0,1,1,1
2640.0,19,24,2
4541.0,6,7,1
875.0,18,20,1
1388.0,5,5,1
396.0,4,6,1
5343.0,5,6,2
2595.0,5,7,1
2613.0,12,12,3
5010.0,2,2,1
5284.0,39,47,4
2310.0,1,1,1
7167.0,39,44,4
1310.0,1,1,1
6598.0,29,34,4
1550.0,1,1,1
1062.0,9,11,2
4215.0,16,17,2
750.0,2,2,1
12891.0,39,46,5
893.0,5,7,1
2091.0,2,2,1
1118.0,8,11,1
5404.0,24,26,4
316.0,3,4,1
4447.0,4,4,2
5589.0,9,9,1
1230.0,17,22,1
5939.0,27,35,4
683.0,1,1,1
7347.0,29,30,4
403.0,4,4,1
10272.0,1,1,1
788.0,2,2,1
9396.0,39,46,7
4399.0,1,1,1
1814.0,15,18,1
5595.0,53,59,3
2935.0,2,2,1
1675.0,9,14,1
488.0,9,10,2
650.0,1,2,1
1936.0,10,13,2
1640.0,1,1,1
4875.0,15,20,2
3362.0,34,39,2
2748.0,2,2,1
321.0,14,14,1
1914.0,9,12,3
454.0,3,3,2
12637.0,62,73,9
1852.0,1,1,1
471.0,6,9,1
1563.0,1,1,1
10195.0,21,21,3
220.0,17,21,1
19944.0,5,5,2
1573.0,7,8,1
22254.0,81,97,9
3210.0,1,1,1
5312.0,27,35,4
2813.0,10,16,2
422.0,2,3,1
2577.0,7,8,3
1470.0,1,3,1
10339.0,44,49,4
3943.0,6,6,1
4177.0,11,14,1
4798.0,33,44,3
2269.0,1,1,1
423.0,10,11,1
1782.0,1,1,1
3262.0,15,20,4
640.0,1,2,1
712.0,5,7,3
1986.0,6,7,2
2799.0,16,22,3
300.0,1,2,1
5613.0,13,16,6
7503.0,4,6,2
243.0,18,21,1
9941.0,29,33,5
1000.0,2,3,1
1916.0,5,6,2
1310.0,6,7,1
6371.0,24,29,4
9802.0,42,47,6
559.0,1,1,1
1789.0,3,3,1
434.0,11,12,1
1167.0,1,1,1
5490.0,27,33,3
9567.0,19,20,3
208.0,18,20,1
6426.0,20,21,4
2365.0,1,1,1
2257.0,19,20,3
978.0,3,3,1
6161.0,33,34,4
2130.0,1,1,1
243.0,13,13,1
1923.0,3,3,2
749.0,2,2,1
4254.0,21,29,3
1092.0,2,2,1
459.0,6,7,1
27436.0,106,116,11
654.0,1,1,1
2066.0,10,13,2
1621.0,2,2,2
21031.0,48,62,8
7099.0,30,35,4
644.0,6,6,1
337.0,2,2,1
15676.0,41,60,4
3170.0,2,2,1
9206.0,46,55,2
4537.0,16,23,2
15627.0,24,27,5
9984.0,22,25,1
8040.0,4,4,1
2590.0,30,37,2
1600.0,2,3,1
229.0,5,9,1
2450.0,1,1,1
1170.0,13,14,1
404.0,3,5,1
4875.0,2,2,1
29067.0,67,88,6
2030.0,4,4,1
25332.0,87,110,5
978.0,2,2,1
1620.0,9,10,2
2020.0,1,1,1
2469.0,8,8,1
1575.0,7,13,2
1810.0,7,7,1
1100.0,6,9,1
1830.0,4,5,1
9815.0,33,48,3
2599.0,3,4,2
6888.0,31,37,3
2269.0,1,1,1
8528.0,8,8,1
1197.0,28,35,1
6185.0,26,29,4
3084.0,2,2,1
903.0,13,14,1
484.0,4,4,1
2417.0,1,1,1
284.0,7,8,1
881.0,1,1,1
741.0,5,6,2
1645.0,4,5,2
10039.0,31,40,2
364.0,10,12,2
4236.0,2,2,2
443.0,20,24,1
8276.0,25,28,5
248.0,3,4,1
8845.0,21,26,3
2240.0,2,2,1
7920.0,26,35,2
1583.0,3,3,2
30.0,2,3,1
1285.0,3,3,3
1251.0,2,3,1
1493.0,12,16,2
3836.0,7,7,2
1013.0,9,13,1
9185.0,33,44,5
1866.0,13,14,2
5959.0,21,24,3
6450.0,2,2,1
7808.0,35,43,2
4994.0,2,2,1
4052.0,15,16,1
2495.0,18,21,2
5108.0,20,23,3
547.0,5,5,1
625.0,2,2,1
666.0,1,1,1
3692.0,11,14,2
3462.0,12,16,2
525.0,4,5,1
1376.0,1,1,1
375.0,7,9,1
245.0,1,1,1
230.0,1,1,1
2133.0,7,7,2
465.0,5,5,1
120.0,1,1,1
9353.0,48,54,5
8264.0,3,6,2
1660.0,2,3,1
450.0,5,7,1
10419.0,33,44,5
520.0,1,1,1
433.0,1,1,1
984.0,2,2,1
5560.0,2,2,1
900.0,8,9,1
7106.0,17,20,4
1315.0,8,8,1
497.0,4,4,1
609.0,1,2,1
325.0,3,4,1
2586.0,3,3,1
2632.0,18,19,3
765.0,6,7,1
6493.0,21,25,1
4772.0,2,2,1
9120.0,27,32,3
1620.0,11,13,1
300.0,5,9,1
411.0,1,2,1
9469.0,25,32,4
270.0,6,7,1
2675.0,13,16,3
456.0,1,1,1
3899.0,22,29,3
8462.0,24,30,4
3530.0,2,2,1
10002.0,57,76,3
2992.0,27,28,3
2081.0,4,4,2
682.0,7,7,1
3022.0,13,16,2
541.0,1,1,1
25830.0,82,107,6
1970.0,2,2,1
13039.0,50,65,5
4058.0,15,19,3
6452.0,2,2,1
3514.0,37,46,2
3089.0,2,2,1
309.0,13,16,1
506.0,1,1,1
2803.0,1,1,1
726.0,13,16,2
13631.0,39,50,4
2938.0,3,4,1
368.0,22,26,2
6414.0,3,3,2
4950.0,37,49,2
2630.0,2,2,1
530.0,13,18,1
280.0,1,1,1
1566.0,7,7,2
5115.0,2,2,1
406.0,17,18,1
28221.0,102,130,7
4042.0,1,1,1
10997.0,53,70,4
10595.0,3,3,2
12027.0,72,99,5
1008.0,2,2,1
1974.0,8,10,2
1220.0,5,9,1
309.0,5,7,1
20680.0,64,79,5
1140.0,2,2,1
5586.0,16,21,2
3370.0,2,2,1
445.0,18,22,1
1545.0,1,1,1
210.0,17,21,2
10681.0,3,4,2
150.0,16,22,1
5235.0,7,7,2
448.0,7,10,1
1019.0,2,2,1
1060.0,4,7,1
5366.0,14,18,3
6131.0,2,3,1
2756.0,3,3,1
2733.0,11,14,1
947.0,10,11,1
3060.0,5,5,1
921.0,9,12,1
1146.0,2,4,1
293.0,2,2,1
4042.0,1,1,1
1689.0,17,25,1
2083.0,8,9,1
985.0,7,10,1
4285.0,3,3,1
558.0,18,28,1
3896.0,2,2,1
7300.0,7,7,1
3093.0,36,48,2
730.0,1,1,1
308.0,2,2,1
380.0,1,1,1
2642.0,2,4,2
304.0,10,13,1
6932.0,1,1,1
1706.0,27,35,2
5642.0,11,13,3
934.0,9,12,1
3429.0,2,2,1
4117.0,17,23,2
1351.0,2,2,1
11202.0,27,35,3
1360.0,3,3,1
283.0,3,3,1
3847.0,2,2,1
2352.0,13,19,1
2024.0,5,5,1
2318.0,12,16,2
3732.0,1,1,1
2744.0,28,38,3
4645.0,16,20,2
6388.0,2,2,1
370.0,17,23,1
4334.0,2,2,1
8110.0,34,46,3
928.0,1,3,1
565.0,2,4,1
1440.0,2,3,1
325.0,5,5,1
1160.0,1,1,1
2954.0,4,6,2
793.0,18,27,2
2298.0,8,9,2
5772.0,10,13,2
1253.0,34,42,2
5934.0,13,18,3
2070.0,2,2,1
602.0,7,8,1
456.0,3,3,1
1252.0,14,18,2
2043.0,8,12,2
376.0,8,9,1
202.0,2,2,1
12533.0,19,27,3
766.0,23,29,2
7092.0,2,2,1
8606.0,56,69,5
905.0,1,1,1
1360.0,4,4,1
7227.0,32,37,2
5268.0,2,2,1
4794.0,15,22,1
344.0,15,17,1
4508.0,9,14,2
611.0,6,8,1
925.0,5,5,3
4229.0,28,38,4
2881.0,12,18,3
1627.0,1,1,1
613.0,5,6,1
4278.0,22,24,3
478.0,1,1,1
287.0,4,4,2
8217.0,20,28,4
4330.0,1,1,1
1975.0,10,19,1
2001.0,11,18,2
9045.0,1,1,1
2283.0,45,60,3
1306.0,2,2,1
7092.0,23,27,2
3503.0,1,1,1
9860.0,35,44,3
8920.0,2,2,1
1727.0,27,35,2
273.0,22,27,2
3364.0,1,1,1
354.0,7,10,1
2467.0,2,2,1
10098.0,28,32,3
9745.0,46,63,2
2570.0,2,2,1
11525.0,29,36,4
621.0,11,16,1
1205.0,1,1,1
4045.0,5,6,1
2605.0,20,22,2
2256.0,1,1,1
6372.0,26,30,2
3165.0,2,2,1
4099.0,12,13,1
341.0,13,16,1
920.0,2,2,1
1407.0,11,14,3
8844.0,2,2,1
468.0,28,32,1
1621.0,1,1,1
210.0,5,5,1
1215.0,1,1,1
372.0,3,6,1
1859.0,1,1,1
409.0,8,9,1
8533.0,29,30,3
4798.0,2,2,1
1540.0,13,16,1
234.0,7,7,1
3472.0,1,1,1
517.0,10,13,1
5626.0,1,1,1
7698.0,39,45,4
35311.0,86,117,9
613.0,2,2,1
2661.0,3,3,1
439.0,12,17,1
11132.0,32,42,3
2496.0,2,2,1
10966.0,41,50,4
1012.0,1,1,1
135.0,4,7,1
9567.0,35,48,3
5600.0,1,1,1
245.0,21,29,1
6817.0,2,2,2
3365.0,14,15,1
834.0,10,11,2
404.0,1,1,1
5782.0,23,31,4
1897.0,1,1,1
6795.0,32,39,5
1842.0,6,8,2
6975.0,14,18,2
340.0,11,13,1
883.0,1,1,1
7510.0,2,6,1
506.0,17,19,1
1816.0,9,10,2
914.0,4,6,2
9809.0,23,29,2
2311.0,1,1,1
646.0,8,9,1
4892.0,21,25,3
276.0,3,3,2
915.0,2,2,1
13804.0,46,60,6
8766.0,23,27,4
2813.0,4,6,2
12941.0,42,51,6
801.0,1,1,1
1305.0,1,1,1
2240.0,6,6,1
6394.0,21,26,3
3265.0,3,5,1
13049.0,48,60,6
4696.0,3,4,2
729.0,15,17,1
2992.0,2,2,2
4286.0,20,26,2
2580.0,1,1,1
712.0,8,8,1
13537.0,43,57,4
1342.0,1,1,1
591.0,4,6,1
900.0,1,1,1
5900.0,11,15,2
13978.0,47,62,4
1840.0,1,1,1
849.0,9,11,1
1258.0,2,2,1
1762.0,2,3,1
6161.0,7,7,1
2422.0,13,13,1
2498.0,11,12,2
1013.0,2,3,1
2604.0,6,11,2
7286.0,16,17,4
783.0,1,1,1
2853.0,8,11,2
590.0,5,5,1
15202.0,45,53,6
511.0,2,2,1
3331.0,12,14,2
2678.0,1,1,1
2189.0,21,22,2
1810.0,2,2,1
969.0,7,8,2
2551.0,1,1,1
3705.0,16,24,2
2469.0,1,1,1
1701.0,7,8,1
588.0,7,8,1
6093.0,17,21,4
1179.0,1,1,1
3779.0,14,14,3
3882.0,4,4,2
598.0,7,9,1
545.0,2,2,1
1587.0,1,1,1
1140.0,6,7,1
10541.0,34,43,3
1330.0,4,5,1
2603.0,6,6,1
1948.0,8,11,1
901.0,6,8,1
8521.0,1,1,1
5824.0,33,38,2
4085.0,2,2,1
1072.0,11,13,1
4821.0,2,2,1
930.0,12,14,1
2211.0,2,2,1
720.0,5,9,1
2788.0,12,14,2
2470.0,1,1,1
4039.0,17,22,2
590.0,9,9,1
532.0,5,8,2
14409.0,23,27,3
28463.0,62,81,7
335.0,2,2,1
6044.0,2,2,2
3868.0,23,30,1
37197.0,69,98,6
6058.0,72,98,2
1960.0,6,11,2
5430.0,2,2,1
35578.0,109,151,6
9807.0,1,1,1
7302.0,59,81,3
14934.0,40,57,3
9190.0,1,1,1
270.0,30,40,2
2442.0,1,1,1
3083.0,35,48,3
17689.0,54,87,5
4051.0,1,1,1
2239.0,25,37,2
6541.0,19,25,3
429.0,19,27,2
1819.0,1,1,1
7245.0,27,46,4
5072.0,14,18,3
36678.0,118,166,8
30939.0,106,133,6
719.0,1,1,1
3988.0,3,3,1
2024.0,13,14,2
2601.0,2,2,1
44548.0,16,19,2
1209.0,4,4,1
40739.0,117,141,18
4306.0,2,2,1
3433.0,13,15,2
7950.0,29,39,3
1510.0,2,2,1
1082.0,8,8,2
1404.0,1,1,1
2447.0,11,13,2
3721.0,2,2,1
500.0,11,15,1
3482.0,2,2,1
9314.0,36,53,3
6861.0,2,2,1
420.0,25,32,1
4170.0,1,1,1
10797.0,51,69,3
780.0,2,2,1
11971.0,43,56,4
910.0,2,2,1
24547.0,94,118,4
1420.0,1,1,1
9166.0,28,33,3
15553.0,52,79,8
2630.0,1,1,1
4544.0,24,28,2
650.0,2,2,1
14871.0,45,51,3
2800.0,2,2,1
297.0,10,11,1
633.0,1,1,1
670.0,2,2,1
3172.0,3,3,1
650.0,3,3,1
5021.0,3,3,1
19279.0,69,78,12
1040.0,1,1,1
298.0,3,6,1
1773.0,1,1,1
11363.0,43,50,4
3700.0,1,1,1
5884.0,28,32,5
2290.0,2,2,1
2375.0,17,18,2
7218.0,34,44,5
2940.0,2,2,1
418.0,10,15,1
2850.0,2,2,1
3740.0,7,8,1
18728.0,57,88,6
1776.0,3,3,1
294.0,9,13,1
1223.0,2,2,1
1202.0,5,6,1
2944.0,8,9,1
842.0,9,17,2
2514.0,1,1,1
385.0,13,17,1
2100.0,2,2,1
6301.0,29,41,3
2807.0,2,2,1
4126.0,22,28,2
2907.0,2,2,1
263.0,7,12,1
1159.0,2,2,1
891.0,2,2,1
1256.0,7,7,1
343.0,7,8,1
334.0,1,1,1
570.0,1,1,1
5739.0,2,2,1
419.0,32,41,2
908.0,2,2,1
12148.0,50,64,4
1780.0,2,2,1
309.0,8,11,1
2088.0,2,2,1
2677.0,18,21,3
1030.0,2,2,1
603.0,4,4,1
599.0,4,4,1
2310.0,3,3,1
406.0,9,16,1
3527.0,3,3,2
388.0,11,12,1
385.0,1,1,1
422.0,12,14,2
4257.0,19,28,5
4710.0,1,1,1
302.0,25,34,1
110.0,2,2,1
246.0,1,1,1
760.0,2,2,1
3246.0,10,13,3
520.0,1,1,1
5556.0,5,6,2
7837.0,50,63,4
5102.0,2,2,1
4013.0,17,23,2
4567.0,1,1,1
1981.0,16,22,2
3820.0,2,2,1
180.0,12,17,1
1532.0,2,2,1
9841.0,39,44,4
755.0,1,1,1
3069.0,8,14,2
2272.0,2,2,1
31367.0,111,141,10
6917.0,1,1,1
19450.0,76,99,4
6386.0,24,32,3
6980.0,2,2,1
4023.0,39,57,3
4620.0,2,2,1
2726.0,24,28,3
1067.0,3,5,2
1618.0,1,1,1
165.0,6,8,1
3350.0,1,1,1
325.0,16,26,2
1390.0,2,2,1
191.0,5,7,1
1963.0,3,3,2
14204.0,27,41,2
3240.0,2,2,1
8548.0,32,45,4
339.0,1,1,1
230.0,1,1,1
11340.0,27,39,1
3447.0,11,14,2
2096.0,2,2,1
334.0,8,9,1
1858.0,3,3,1
25690.0,56,79,4
5115.0,17,23,1
10185.0,38,47,3
3000.0,2,2,1
17726.0,61,78,3
1410.0,2,2,1
23644.0,44,61,2
5400.0,8,11,1
5592.0,23,26,2
7635.0,18,25,1
5724.0,21,26,2
1464.0,12,14,2
1910.0,1,1,1
1970.0,5,9,1
440.0,7,8,1
2370.0,2,2,1
7746.0,32,45,2
330.0,1,1,1
4020.0,2,2,1
2197.0,20,23,2
10383.0,13,14,2
396.0,22,29,1
5874.0,2,2,1
9898.0,40,64,2
5002.0,6,6,2
480.0,16,23,1
14371.0,41,53,3
570.0,4,5,1
2280.0,3,4,1
648.0,21,30,2
5279.0,1,1,1
367.0,15,25,1
2622.0,1,1,1
3170.0,21,28,2
6513.0,11,12,4
677.0,6,9,2
11871.0,2,2,1
8667.0,28,36,1
450.0,24,33,1
11559.0,34,48,4
13860.0,33,44,4
2093.0,9,9,1
420.0,5,11,1
2333.0,2,2,1
21181.0,47,62,5
513.0,26,41,2
2127.0,12,13,4
4721.0,11,12,3
1186.0,5,6,1
19794.0,54,64,4
9580.0,3,3,1
380.0,35,47,1
15814.0,40,54,3
5784.0,23,28,2
1018.0,1,1,1
3019.0,17,19,3
3545.0,2,2,2
318.0,9,12,1
3980.0,3,3,1
2553.0,16,24,2
5520.0,2,2,1
4934.0,37,50,2
1939.0,2,2,1
527.0,6,7,1
3085.0,6,8,2
948.0,7,8,3
710.0,1,1,1
2012.0,7,11,3
1809.0,4,5,2
2578.0,11,13,2
4223.0,1,1,1
3140.0,20,23,2
2980.0,2,2,1
380.0,13,16,1
2790.0,2,2,1
780.0,14,15,1
1990.0,3,3,1
7107.0,27,36,3
1281.0,9,10,3
4893.0,8,11,2
2861.0,4,5,2
731.0,10,13,2
2524.0,8,11,4
1060.0,1,2,1
480.0,4,5,1
26457.0,59,86,4
3490.0,3,3,1
3326.0,10,18,1
7087.0,30,34,2
6469.0,2,2,1
15024.0,40,53,3
386.0,12,19,1
6020.0,2,2,1
385.0,15,22,1
923.0,2,2,1
348.0,5,5,1
7829.0,4,4,1
22815.0,84,108,6
1147.0,2,2,2
4811.0,24,30,2
4973.0,14,15,2
325.0,5,6,1
5144.0,1,1,1
306.0,9,12,1
660.0,1,1,1
2152.0,13,19,2
982.0,2,2,1
2819.0,9,12,2
4897.0,1,1,1
7718.0,29,44,3
3563.0,1,1,1
326.0,13,22,1
1536.0,1,1,1
501.0,8,11,1
3649.0,4,4,2
755.0,7,13,1
8692.0,2,2,2
5682.0,34,48,3
1707.0,2,2,1
6330.0,4,8,1
17006.0,67,88,3
296.0,1,1,1
5368.0,1,1,1
370.0,14,20,1
10962.0,4,4,1
10299.0,59,73,3
3268.0,1,1,1
350.0,14,14,1
2718.0,1,1,1
1365.0,17,20,4
636.0,1,1,1
14066.0,20,29,2
2960.0,3,2,1
6326.0,26,35,3
6785.0,1,1,1
17396.0,20,29,1
1840.0,2,1,1
22810.0,73,104,4
1067.0,3,3,1
4692.0,15,23,3
2339.0,10,11,3
2500.0,8,14,2
1887.0,4,4,1
19761.0,76,91,5
1223.0,1,1,1
579.0,5,5,1
1141.0,2,2,1
100.0,6,8,1
2807.0,15,18,4
1090.0,2,2,1
3346.0,16,21,2
2654.0,2,2,1
250.0,7,12,1
1003.0,1,1,1
7371.0,33,47,4
1687.0,2,2,1
3454.0,20,31,3
4338.0,2,2,1
3313.0,13,16,1
212.0,8,16,1
4832.0,3,3,2
272.0,14,21,1
4550.0,3,3,2
267.0,18,23,1
2625.0,14,18,3
1658.0,2,2,1
236.0,8,11,1
1979.0,2,2,1
252.0,8,12,1
229.0,2,2,1
5487.0,4,6,2
10568.0,25,40,2
225.0,25,36,2
1833.0,16,20,3
737.0,3,3,2
870.0,2,4,1
9864.0,5,8,1
325.0,25,33,1
3991.0,2,2,1
260.0,11,16,1
1446.0,1,1,1
280.0,7,7,1
3231.0,2,2,1
170.0,16,22,1
856.0,3,3,2
267.0,3,3,1
6453.0,1,1,1
300.0,16,16,1
930.0,2,2,1
8996.0,24,40,3
3587.0,2,2,1
6775.0,26,40,3
388.0,2,2,1
8979.0,29,41,4
3237.0,2,2,1
6698.0,34,50,3
4431.0,3,3,2
584.0,13,14,1
1147.0,2,2,1
773.0,2,5,1
1095.0,6,8,3
300.0,2,2,1
199.0,3,3,1
12894.0,44,61,7
5162.0,6,6,3
310.0,13,16,1
2340.0,2,2,1
244.0,10,13,1
1870.0,2,2,1
445.0,13,18,2
1048.0,2,2,1
233.0,4,5,1
9311.0,27,39,4
5106.0,1,1,1
478.0,21,38,2
6572.0,26,33,4
791.0,2,2,1
264.0,8,11,2
4201.0,1,1,1
8378.0,28,38,3
379.0,17,20,1
3668.0,2,2,1
235.0,9,14,1
1145.0,2,2,1
3214.0,13,17,2
550.0,2,2,1
236.0,2,3,1
2205.0,2,2,1
3605.0,15,23,2
5200.0,2,2,1
500.0,16,27,1
1500.0,3,3,1
7442.0,34,43,3
417.0,7,7,1
970.0,1,1,1
1684.0,4,5,1
2019.0,7,9,1
333.0,6,9,1
5845.0,2,2,1
329.0,16,24,1
5313.0,2,2,1
321.0,10,18,1
4421.0,1,1,1
7028.0,39,57,3
2955.0,2,2,1
2234.0,27,30,2
1042.0,7,7,3
813.0,2,2,1
4083.0,12,18,2
3486.0,2,2,1
295.0,16,24,2
3659.0,2,2,1
260.0,13,20,1
7247.0,4,4,2
302.0,19,28,1
4589.0,2,2,1
264.0,12,24,1
2281.0,2,2,1
244.0,7,11,1
2013.0,2,2,1
364.0,6,6,1
1297.0,1,2,1
290.0,4,6,1
261.0,2,2,1
440.0,3,3,1
2590.0,9,16,3
877.0,1,1,1
2415.0,12,20,2
2180.0,2,2,1
1479.0,16,20,2
5489.0,1,1,1
270.0,17,22,1
499.0,2,2,1
149.0,1,1,1
1285.0,7,8,3
1976.0,6,11,2
254.0,3,3,1
284.0,1,1,1
4339.0,2,2,1
6409.0,39,54,4
1277.0,2,2,1
482.0,5,6,1
2727.0,6,8,3
3403.0,2,2,1
286.0,13,17,1
590.0,2,2,1
692.0,1,3,1
290.0,1,4,1
5565.0,2,2,1
483.0,60,77,2
4346.0,4,4,2
281.0,16,21,1
2567.0,1,1,1
269.0,8,8,1
2436.0,2,2,1
2048.0,13,20,2
2878.0,11,15,2
327.0,1,4,1
391.0,2,2,1
1422.0,2,2,1
24333.0,8,15,1
310.0,43,63,1
23227.0,64,92,4
6499.0,17,17,3
13983.0,1,1,1
4399.0,40,60,2
5267.0,11,16,2
13615.0,39,53,3
24758.0,79,99,9
15256.0,34,41,3
6998.0,1,1,1
622.0,17,21,1
15185.0,1,1,1
380.0,26,39,1
22327.0,60,85,7
5775.0,16,20,2
24690.0,56,84,4
13570.0,25,32,3
11099.0,2,2,1
545.0,23,33,1
3850.0,1,1,1
4799.0,19,25,2
44956.0,91,120,11
618.0,18,22,1
20984.0,1,1,1
664.0,45,63,1
5868.0,2,2,1
21255.0,69,81,3
3978.0,13,17,3
3602.0,5,5,2
15977.0,43,61,3
516.0,11,16,1
850.0,2,2,1
21066.0,37,55,4
2681.0,10,14,4
19115.0,54,60,6
4205.0,9,11,3
13833.0,8,10,2
3588.0,8,8,1
8288.0,31,36,3
12236.0,27,31,4
689.0,13,16,1
3550.0,1,1,1
493.0,12,17,1
1910.0,2,2,1
5406.0,22,25,2
2990.0,1,1,1
1151.0,14,19,1
36177.0,7,10,2
6715.0,4,6,1
25486.0,90,117,6
2830.0,2,2,1
7363.0,33,40,4
4070.0,2,2,1
7166.0,32,36,3
665.0,1,1,1
2241.0,1,1,1
6951.0,25,26,3
8610.0,29,41,4
2120.0,4,4,1
11035.0,26,29,3
256.0,11,14,1
1430.0,3,3,1
577.0,7,10,1
1940.0,1,1,1
807.0,9,10,1
1360.0,4,4,1
2292.0,5,5,1
7297.0,7,8,1
720.0,24,28,1
1270.0,1,1,1
360.0,6,7,1
1930.0,2,2,1
9324.0,31,40,5
1070.0,2,2,1
948.0,7,8,2
1642.0,1,1,1
775.0,6,8,1
18769.0,54,63,6
9761.0,2,2,1
420.0,20,30,1
4860.0,17,18,3
1970.0,1,1,1
1848.0,8,11,1
2272.0,3,3,1
7088.0,31,38,5
1396.0,2,2,1
734.0,9,9,1
960.0,1,1,1
12613.0,43,50,4
2510.0,1,1,1
1174.0,10,14,2
930.0,1,1,1
2739.0,3,6,1
330.0,8,11,1
740.0,2,2,1
3556.0,4,4,2
13947.0,5,7,1
7195.0,3,3,1
7983.0,42,49,2
1180.0,12,20,1
647.0,6,7,1
1510.0,1,1,1
475.0,8,9,1
2195.0,2,2,1
380.0,12,12,1
2489.0,2,2,1
700.0,13,17,1
6466.0,2,2,1
6942.0,47,59,5
4606.0,3,3,2
4673.0,35,46,2
47398.0,65,80,9
120.0,31,49,1
1911.0,6,6,2
960.0,4,4,1
2340.0,2,6,1
180.0,10,14,1
3777.0,1,1,1
2762.0,18,27,2
8092.0,1,1,1
320.0,25,32,1
2730.0,1,1,1
550.0,11,14,1
1930.0,1,1,1
2612.0,21,30,3
14098.0,45,59,5
2543.0,14,20,2
5610.0,5,5,4
2238.0,16,23,2
27584.0,80,100,9
1170.0,13,16,1
16902.0,42,60,3
580.0,10,15,1
5438.0,1,1,1
6980.0,35,48,3
1033.0,4,4,2
1170.0,3,3,1
5000.0,4,7,1
8241.0,62,79,3
9641.0,8,12,6
7973.0,34,39,5
75988.0,196,250,18
380.0,14,24,1
57561.0,163,198,15
7087.0,51,63,2
1390.0,1,1,1
1950.0,14,16,3
1290.0,1,1,1
300.0,5,7,1
330.0,1,1,1
30.0,1,2,1
1540.0,1,1,1
6995.0,30,38,4
4590.0,1,1,1
360.0,13,23,1
5620.0,1,1,1
560.0,24,30,1
3869.0,1,1,1
560.0,7,11,1
11408.0,5,5,2
410.0,33,42,1
2089.0,3,3,2
270.0,5,5,1
7455.0,2,2,1
3629.0,29,34,2
73162.0,219,267,12
12576.0,46,64,4
49318.0,164,194,17
5522.0,24,31,3
8345.0,14,16,3
485.0,9,12,1
786.0,2,2,1
742.0,2,3,1
349.0,4,4,1
391.0,22,32,2
4820.0,3,3,2
373.0,15,23,1
2866.0,1,1,1
437.0,13,18,1
23336.0,62,82,5
2238.0,1,1,1
682.0,30,38,2
1733.0,2,2,1
571.0,11,14,1
14455.0,2,2,2
11189.0,81,124,5
9590.0,2,2,1
2697.0,45,61,3
5086.0,2,2,1
4191.0,35,45,3
1062.0,2,2,1
4372.0,18,26,3
850.0,2,2,1
813.0,2,2,1
5228.0,4,4,1
19262.0,65,74,4
3215.0,29,44,2
10355.0,29,43,3
6857.0,16,24,2
41732.0,128,180,10
3887.0,3,3,2
18042.0,62,91,3
360.0,15,20,1
341.0,2,2,1
4826.0,18,23,3
5464.0,4,4,2
184.0,19,25,1
10469.0,40,55,4
840.0,3,3,1
4651.0,20,26,4
1482.0,3,3,1
2207.0,9,15,1
360.0,10,13,1
6406.0,12,13,3
331.0,1,3,1
3835.0,25,34,4
3054.0,2,2,1
274.0,16,20,1
1727.0,1,1,1
679.0,9,13,2
2747.0,1,1,1
579.0,9,16,1
5496.0,2,2,1
11389.0,54,72,5
1964.0,1,3,1
624.0,10,12,1
955.0,1,3,1
7524.0,23,31,3
461.0,10,13,1
4796.0,28,33,6
1828.0,1,1,1
7930.0,30,36,2
5839.0,1,1,1
478.0,24,30,1
3350.0,9,11,3
3931.0,19,22,4
271.0,1,2,1
2334.0,4,6,1
530.0,2,2,1
3421.0,8,10,4
1887.0,5,7,1
435.0,4,6,2
13949.0,1,1,1
38411.0,180,233,6
2572.0,2,3,1
6298.0,26,32,3
13574.0,26,34,2
27573.0,89,112,5
5077.0,21,23,2
642.0,15,15,2
6345.0,2,3,2
5643.0,12,20,1
2176.0,3,4,1
627.0,7,8,1
19391.0,50,67,3
933.0,2,2,1
3274.0,3,4,1
340.0,12,16,1
10061.0,1,1,1
7203.0,18,27,1
11792.0,47,64,4
6563.0,2,2,1
456.0,16,25,1
6319.0,2,2,1
580.0,23,28,1
14270.0,22,28,2
11537.0,30,36,3
5072.0,29,36,2
3994.0,12,13,1
7237.0,3,3,1
750.0,5,13,1
3364.0,3,4,1
445.0,11,15,1
1210.0,2,2,1
2529.0,13,17,2
1750.0,1,1,1
2621.0,12,12,2
7883.0,16,19,3
892.0,4,5,1
1869.0,3,5,2
186.0,10,10,1
5328.0,16,21,4
4444.0,2,2,1
581.0,18,19,2
2052.0,3,3,1
800.0,10,10,1
1530.0,8,9,2
1819.0,8,8,3
640.0,6,6,1
1042.0,1,1,1
581.0,1,1,1
2305.0,7,9,2
2468.0,6,8,2
2303.0,11,11,2
527.0,2,3,1
5053.0,18,22,3
559.0,1,1,1
705.0,5,6,2
290.0,1,1,1
3305.0,13,15,2
162.0,1,2,1
7490.0,17,23,4
11146.0,1,1,1
10152.0,58,74,4
479.0,3,3,1
3170.0,2,2,1
10469.0,55,64,3
390.0,1,1,1
8086.0,30,35,3
6880.0,2,2,1
440.0,30,32,1
1477.0,1,1,1
1090.0,6,8,1
270.0,7,8,1
289.0,1,1,1
300.0,1,1,1
543.0,2,2,1
1036.0,4,4,2
434.0,3,3,1
56481.0,181,224,13
8906.0,57,69,3
3143.0,1,1,1
400.0,10,12,1
1851.0,2,2,1
7421.0,28,33,3
37786.0,148,189,10
1710.0,1,1,1
9496.0,44,58,3
872.0,1,1,1
29490.0,94,116,9
796.0,1,1,1
9980.0,1,2,1
2147.0,42,59,2
1100.0,1,1,1
20776.0,58,66,6
11946.0,33,38,1
5906.0,2,2,1
13054.0,43,54,4
13147.0,14,19,3
3944.0,2,1,1
17268.0,46,63,3
5150.0,2,2,1
416.0,16,20,1
1330.0,1,1,1
9997.0,34,52,2
8301.0,31,42,3
590.0,1,1,1
506.0,1,1,1
3365.0,3,3,1
1162.0,3,3,1
5220.0,6,9,1
9328.0,46,57,4
1585.0,2,2,1
27718.0,18,22,2
2544.0,3,1,1
19553.0,43,56,5
7608.0,1,1,1
6897.0,31,43,3
2530.0,2,2,1
9066.0,29,42,2
1618.0,1,1,1
24700.0,64,81,7
3014.0,7,10,1
2884.0,16,22,2
1550.0,2,2,1
10243.0,9,10,1
4951.0,2,1,1
14380.0,51,61,6
6326.0,2,2,1
392.0,21,27,1
3086.0,2,2,1
6329.0,25,30,3
5444.0,23,29,3
2190.0,1,1,1
3104.0,21,23,3
1470.0,2,2,1
3034.0,14,19,2
2406.0,2,2,1
589.0,7,10,1
5987.0,6,7,3
575.0,12,14,1
2180.0,2,2,1
422.0,6,8,1
6795.0,21,24,2
765.0,2,2,1
3217.0,24,27,3
5284.0,2,1,1
10157.0,46,57,5
17422.0,57,74,5
8391.0,2,2,1
340.0,23,25,1
4239.0,1,1,1
519.0,17,19,1
1438.0,1,1,1
403.0,4,7,1
3321.0,1,1,1
8311.0,34,39,4
7572.0,1,1,1
310.0,27,36,1
1212.0,2,2,1
301.0,6,7,1
3270.0,1,1,1
2004.0,24,26,2
1990.0,2,2,1
258.0,9,12,1
29087.0,88,122,9
5821.0,2,2,1
30397.0,112,140,6
7041.0,20,25,2
2280.0,2,2,1
661.0,11,12,1
12460.0,2,2,1
711.0,38,47,1
5317.0,3,3,2
21707.0,115,132,11
490.0,2,2,1
18557.0,63,79,4
3346.0,2,2,1
671.0,14,15,1
8197.0,1,1,1
360.0,22,33,1
1250.0,1,1,1
1694.0,6,8,1
960.0,28,35,2
4310.0,2,2,1
8369.0,40,48,3
1770.0,1,1,1
3231.0,23,26,2
3478.0,1,1,1
328.0,14,14,1
2600.0,1,1,1
11171.0,47,59,7
3990.0,1,1,1
6247.0,33,42,2
1869.0,1,1,1
125.0,11,12,1
6025.0,15,18,2
3830.0,2,2,1
368.0,15,17,1
4015.0,3,3,2
614.0,9,9,1
1816.0,2,2,1
350.0,8,9,1
2520.0,2,2,1
4033.0,10,13,1
14681.0,63,72,2
1850.0,2,2,1
550.0,8,8,1
1550.0,1,3,1
9592.0,34,44,2
22263.0,35,45,3
3770.0,2,2,1
11226.0,50,59,2
3740.0,1,1,1
3296.0,25,31,2
1040.0,1,1,1
759.0,12,12,2
13912.0,61,77,4
4412.0,1,1,1
13016.0,52,64,2
5479.0,18,26,2
4080.0,2,2,1
462.0,12,17,1
5524.0,27,31,3
490.0,1,1,1
15579.0,51,63,6
13207.0,52,70,2
14834.0,72,100,8
9754.0,2,4,2
320.0,27,40,1
2730.0,2,2,1
20982.0,74,94,9
4610.0,1,1,1
12171.0,45,70,2
6970.0,1,1,1
18004.0,77,103,4
2040.0,1,1,1
3448.0,22,28,2
8279.0,28,38,2
1257.0,5,6,1
663.0,6,6,1
664.0,13,16,2
1130.0,1,1,1
280.0,5,5,1
2330.0,1,1,1
13905.0,48,70,4
403.0,11,14,1
6310.0,20,26,4
340.0,2,2,1
2768.0,11,14,2
4300.0,1,1,1
715.0,12,16,1
360.0,3,3,1
6623.0,16,20,2
58379.0,180,245,14
1853.0,6,6,3
8531.0,3,4,1
21735.0,72,92,5
1193.0,2,2,1
1232.0,8,8,1
91.0,6,7,1
1603.0,3,3,1
53214.0,182,218,20
4138.0,1,1,1
1333.0,17,17,2
13291.0,30,39,3
3846.0,13,15,2
15747.0,44,58,4
28250.0,98,116,8
1312.0,2,2,1
24503.0,83,102,6
590.0,3,3,1
39914.0,107,129,9
64592.0,182,221,12
220.0,2,2,1
3339.0,14,16,4
39293.0,111,157,8
12714.0,1,1,1
22228.0,89,123,4
4940.0,1,1,1
18449.0,57,83,5
160.0,7,7,1
44893.0,123,163,10
400.0,13,17,1
3649.0,1,1,1
77650.0,239,326,14
7361.0,1,1,1
10457.0,35,52,4
22005.0,94,137,7
3020.0,1,1,1
831.0,14,23,2
1810.0,1,1,1
1689.0,7,11,1
12880.0,35,49,2
13867.0,37,43,4
2200.0,2,2,1
34089.0,40,50,2
16874.0,6,7,1
7115.0,70,88,3
1970.0,11,14,1
262.0,5,8,1
4850.0,1,1,1
8819.0,54,73,3
299.0,1,1,1
980.0,1,1,1
420.0,5,7,1
13113.0,54,80,4
1970.0,1,1,1
9310.0,35,51,4
8880.0,1,1,1
5992.0,56,71,4
25645.0,101,128,7
259.0,2,2,1
15861.0,69,82,5
1550.0,1,1,1
10920.0,32,40,4
1380.0,25,34,1
1620.0,8,9,1
120.0,5,8,1
1754.0,8,10,2
512.0,6,6,2
17116.0,37,54,3
530.0,2,3,1
2428.0,11,14,2
2762.0,7,8,2
1310.0,3,3,1
15766.0,58,77,4
1115.0,5,7,1
723.0,4,5,1
1562.0,1,1,1
6935.0,23,35,3
587.0,2,2,1
6452.0,1,1,1
5858.0,38,47,3
710.0,2,2,1
12690.0,44,52,5
5715.0,18,22,2
2264.0,1,1,1
7724.0,29,39,4
656.0,5,7,1
2350.0,2,2,1
695.0,9,14,2
1775.0,2,2,1
7651.0,34,42,4
2476.0,10,12,2
14008.0,50,67,8
1387.0,5,6,2
260.0,1,1,1
928.0,4,4,2
2009.0,2,2,1
13379.0,50,61,5
3801.0,1,1,1
1006.0,15,17,1
831.0,3,3,1
2904.0,2,2,1
13523.0,51,68,4
504.0,1,3,1
3544.0,2,2,1
370.0,12,18,1
5539.0,2,2,2
821.0,20,26,1
2008.0,2,3,1
565.0,5,5,1
2136.0,1,1,1
6733.0,28,36,3
2406.0,2,2,1
2166.0,8,11,1
6231.0,37,59,4
2486.0,3,3,2
13345.0,52,63,3
1473.0,2,2,1
922.0,4,6,1
5248.0,1,1,1
2162.0,22,28,2
5096.0,16,23,3
12234.0,27,37,3
927.0,16,27,1
704.0,3,3,1
1760.0,1,1,1
1687.0,13,13,2
3724.0,4,5,2
7731.0,33,37,3
8451.0,1,1,1
1831.0,4,4,1
11716.0,53,65,6
985.0,1,1,1
5852.0,16,19,3
5647.0,26,32,3
67876.0,192,254,15
564.0,2,2,1
6626.0,1,1,1
56388.0,226,285,11
2701.0,9,13,2
1804.0,1,1,1
32517.0,98,121,11
4184.0,2,2,1
33981.0,126,157,10
7516.0,2,2,1
447.0,20,28,1
16760.0,58,74,5
301.0,3,5,1
38240.0,139,176,9
9140.0,17,23,3
23158.0,69,96,7
4020.0,4,5,2
359.0,11,11,1
5640.0,1,1,1
10816.0,21,28,1
150786.0,86,101,6
794.0,2,2,1
131149.0,407,503,37
4206.0,2,2,2
33736.0,117,144,8
2878.0,1,1,1
24207.0,85,99,7
283.0,3,3,1
10125.0,54,67,3
27495.0,60,73,7
2250.0,6,12,2
3076.0,2,2,1
533.0,12,14,1
5301.0,2,2,1
6726.0,13,20,1
5477.0,4,4,1
14483.0,63,77,4
2986.0,2,5,1
536.0,12,14,2
3810.0,2,2,1
6155.0,28,41,2
2064.0,4,4,1
855.0,9,12,1
5172.0,23,28,2
1051.0,2,2,1
5391.0,21,28,3
1336.0,2,2,1
8654.0,24,31,2
705.0,1,1,1
833.0,2,2,1
396.0,3,3,1
2073.0,3,3,2
3970.0,6,6,1
13894.0,61,76,5
3960.0,21,29,3
3601.0,4,4,2
464.0,9,14,1
174.0,3,3,2
1860.0,4,7,2
2534.0,2,2,1
3558.0,10,12,1
3370.0,16,16,2
628.0,5,6,1
3327.0,2,2,1
465.0,7,13,1
4460.0,4,4,2
315.0,16,20,1
4519.0,3,3,2
380.0,15,22,1
3589.0,3,3,2
433.0,8,10,1
8316.0,4,7,3
334.0,24,33,1
1040.0,3,5,1
1190.0,3,3,1
530.0,4,5,1
178.0,1,1,1
815.0,11,13,2
1717.0,7,7,3
1392.0,2,2,1
4567.0,28,35,3
4896.0,6,6,3
352.0,10,16,1
727.0,3,3,1
360.0,2,2,1
3995.0,7,7,2
592.0,12,19,2
609.0,2,2,1
1863.0,3,3,1
380.0,7,9,1
1265.0,1,1,1
1010.0,3,6,1
2179.0,13,14,2
370.0,1,1,1
515.0,1,1,1
3426.0,1,1,1
1632.0,12,18,1
15482.0,35,42,4
7133.0,19,27,1
1710.0,3,4,1
1507.0,10,12,2
4842.0,4,5,1
353.0,12,16,1
383.0,3,3,1
360.0,1,1,1
2194.0,2,2,1
1735.0,11,14,2
1021.0,2,2,1
598.0,3,4,1
3769.0,2,2,1
3741.0,12,13,1
380.0,9,15,1
351.0,1,1,1
1154.0,2,2,1
239.0,5,7,1
11729.0,38,49,5
4816.0,17,21,2
3149.0,4,4,2
496.0,10,16,1
2487.0,2,2,1
1348.0,6,10,1
686.0,4,4,1
5254.0,1,3,1
10999.0,25,29,3
248.0,18,24,1
901.0,3,6,2
440.0,2,3,1
447.0,2,2,1
847.0,1,2,1
478.0,3,3,1
1733.0,4,7,2
1316.0,2,2,1
6120.0,17,27,2
3649.0,2,2,1
665.0,11,14,1
4158.0,4,4,2
2652.0,13,18,1
4174.0,8,11,1
21412.0,16,18,1
8364.0,40,49,1
17869.0,33,43,2
626.0,18,28,1
6742.0,20,29,2
1581.0,4,4,2
496.0,5,7,1
354.0,1,1,1
497.0,1,1,1
681.0,1,1,1
158.0,1,1,1
187.0,1,1,1
3650.0,2,2,1
19339.0,54,62,8
196.0,25,28,1
2164.0,3,3,1
830.0,7,12,1
1893.0,3,3,2
297.0,7,8,1
3254.0,3,3,1
381.0,12,17,1
5065.0,5,5,3
538.0,15,18,1
6056.0,21,26,4
5020.0,2,2,1
804.0,15,17,1
5330.0,4,4,1
1698.0,23,33,2
392.0,6,6,1
7973.0,22,28,3
1363.0,2,2,1
7735.0,15,22,3
395.0,8,10,1
686.0,6,6,2
3273.0,12,16,2
1738.0,4,5,1
1971.0,9,10,1
290.0,8,10,1
622.0,1,1,1
880.0,2,2,1
1454.0,13,13,3
1076.0,6,6,2
841.0,9,12,2
3752.0,7,9,2
1489.0,9,10,2
1500.0,2,2,1
1444.0,6,7,1
284.0,5,5,1
577.0,6,7,2
3526.0,2,2,2
312.0,13,18,1
15423.0,44,51,7
1571.0,2,2,1
4355.0,6,9,2
839.0,18,21,1
21472.0,45,70,5
2662.0,12,18,2
3596.0,2,2,1
290.0,14,20,1
4433.0,1,1,1
890.0,17,23,1
1485.0,3,3,2
2606.0,24,31,3
2066.0,4,4,1
350.0,5,6,1
2178.0,1,2,1
317.0,4,5,1
4245.0,1,2,1
268.0,11,18,1
1556.0,1,1,1
307.0,10,12,1
1043.0,1,2,1
1453.0,3,3,2
3239.0,16,19,3
450.0,1,1,1
13592.0,54,73,5
2696.0,4,4,3
324.0,12,15,2
14662.0,45,57,8
572.0,3,4,2
22439.0,70,94,6
4520.0,1,1,1
4096.0,27,42,2
1430.0,1,1,1
290.0,7,9,1
4701.0,2,2,1
523.0,19,24,1
2023.0,3,3,2
4213.0,26,33,4
3178.0,1,1,1
3118.0,34,41,2
2531.0,11,13,3
9031.0,44,51,5
1582.0,2,2,1
3433.0,25,28,3
4373.0,2,2,1
2270.0,21,23,3
4285.0,1,3,1
1199.0,18,23,1
1073.0,5,5,1
490.0,5,6,1
425.0,1,2,1
210.0,1,1,1
5502.0,21,25,4
2150.0,2,2,1
10824.0,41,47,2
3262.0,3,3,1
506.0,15,19,1
758.0,2,2,1
761.0,3,3,1
379.0,3,3,1
14922.0,57,72,6
2567.0,2,2,1
2933.0,20,26,4
10557.0,35,42,5
347.0,6,9,1
439.0,1,1,1
1718.0,4,7,3
1688.0,1,1,1
1859.0,10,12,2
2328.0,22,24,2
1940.0,2,3,1
6376.0,12,14,1
2816.0,18,26,2
412.0,3,6,1
416.0,2,3,2
2010.0,2,2,1
400.0,7,10,1
340.0,1,1,1
2089.0,6,8,2
357.0,1,1,1
752.0,2,3,2
944.0,5,8,2
1106.0,2,2,2
130.0,5,7,1
1310.0,2,3,1
7803.0,29,38,6
5159.0,2,6,1
260.0,16,19,1
1415.0,1,1,1
7663.0,54,69,5
2838.0,1,1,1
3336.0,11,11,3
387.0,1,1,1
3570.0,6,6,2
350.0,5,5,1
6235.0,2,2,1
7082.0,35,48,3
7111.0,2,2,1
431.0,21,27,1
2849.0,2,2,1
420.0,7,7,1
1150.0,2,2,1
4555.0,18,20,3
1836.0,2,2,1
360.0,6,7,1
900.0,1,1,1
380.0,4,5,1
1188.0,2,2,1
220.0,6,7,1
6242.0,14,17,3
363.0,2,2,1
1856.0,10,10,3
380.0,2,4,1
320.0,1,2,1
402.0,1,1,1
11955.0,40,48,5
2970.0,2,2,1
6850.0,29,38,5
4139.0,2,2,1
3078.0,26,29,2
1284.0,2,2,1
910.0,6,7,1
974.0,2,4,1
6943.0,19,21,3
857.0,18,23,2
4064.0,1,1,1
538.0,10,15,1
6257.0,7,7,4
677.0,21,24,2
16980.0,57,65,6
1414.0,3,3,1
398.0,10,12,1
3540.0,1,1,1
730.0,16,20,1
343.0,3,3,1
4347.0,1,1,1
3710.0,27,34,2
4510.0,2,2,1
8064.0,53,66,5
2830.0,2,2,1
2407.0,21,25,2
3369.0,1,1,1
583.0,12,14,2
1998.0,7,10,2
1023.0,3,4,2
5574.0,17,19,3
2072.0,7,7,1
402.0,5,9,1
566.0,1,2,1
11348.0,36,47,4
6836.0,1,2,1
3399.0,33,36,2
3795.0,2,2,1
5909.0,13,16,1
572.0,12,15,1
835.0,2,4,2
717.0,1,1,1
5454.0,2,2,1
2781.0,5,6,1
7414.0,14,16,2
390.0,19,25,1
2278.0,2,2,1
3372.0,21,23,2
5624.0,2,2,1
350.0,22,29,1
606.0,2,2,1
6718.0,21,28,3
491.0,2,2,1
446.0,10,14,2
1554.0,1,1,1
376.0,7,9,1
2333.0,2,2,1
2078.0,14,22,2
2522.0,10,11,2
656.0,2,2,1
341.0,3,3,1
435.0,1,1,1
4143.0,1,1,1
2424.0,25,31,2
1897.0,4,4,1
8945.0,36,48,3
264.0,2,2,1
360.0,1,1,1
669.0,10,12,3
6035.0,10,12,3
690.0,14,16,3
3055.0,7,9,3
427.0,1,2,1
679.0,2,2,1
344.0,4,5,1
6716.0,10,11,1
510.0,3,4,1
7423.0,2,2,1
17008.0,67,87,4
2210.0,1,1,1
842.0,12,16,2
3885.0,17,21,3
2720.0,1,1,1
564.0,9,11,1
3087.0,13,18,2
3372.0,11,16,3
1490.0,3,6,2
740.0,1,1,1
16025.0,55,69,4
4532.0,20,23,3
770.0,1,2,1
20297.0,56,73,6
1858.0,2,2,1
4120.0,8,11,1
8848.0,33,42,5
2110.0,1,1,1
21602.0,66,80,4
2417.0,1,1,1
530.0,2,2,1
3902.0,10,13,3
2460.0,4,8,1
4285.0,21,26,2
3363.0,2,2,1
25317.0,89,114,9
703.0,12,15,1
7352.0,7,8,2
8162.0,17,21,1
669.0,30,44,2
7387.0,2,2,1
410.0,26,34,1
358.0,2,2,1
5247.0,15,20,2
2216.0,2,2,1
12382.0,34,40,5
840.0,1,1,1
5339.0,12,17,2
479.0,27,32,2
8457.0,1,1,1
20386.0,82,109,6
3099.0,7,7,2
15860.0,51,66,6
3050.0,1,1,1
21235.0,65,76,4
2586.0,1,3,1
17715.0,75,90,7
5940.0,1,1,1
9901.0,36,47,2
8103.0,21,28,1
290.0,22,32,1
3706.0,2,2,1
18763.0,64,79,6
2630.0,2,2,1
881.0,10,14,2
130.0,3,3,1
10426.0,2,2,1
4687.0,35,47,3
6279.0,21,26,3
1330.0,1,3,1
60.0,9,9,1
13538.0,37,45,3
3330.0,2,2,1
10261.0,41,53,2
1970.0,5,7,2
2897.0,4,8,1
44069.0,33,45,3
350.0,43,60,1
42888.0,103,128,15
850.0,2,2,1
280.0,2,5,1
1590.0,2,2,1
16213.0,47,57,3
1770.0,2,2,1
37051.0,120,144,8
1050.0,2,2,1
27043.0,94,120,7
130.0,3,4,1
12837.0,50,58,4
4533.0,2,2,1
7840.0,43,56,2
49892.0,139,180,10
9930.0,2,2,1
632.0,37,52,2
7617.0,2,2,1
29030.0,102,141,8
2069.0,1,1,1
5814.0,26,43,2
5060.0,2,3,1
8213.0,8,15,2
340.0,8,9,1
993.0,5,5,2
499.0,16,21,2
4214.0,13,17,2
2825.0,2,3,1
370.0,19,23,1
3808.0,1,1,1
2876.0,12,21,1
490.0,12,14,1
21192.0,86,113,7
2056.0,1,1,1
4839.0,4,6,1
380.0,22,24,1
4240.0,1,1,1
2858.0,16,21,1
474.0,14,16,1
5909.0,1,1,1
2387.0,20,22,1
798.0,12,13,1
1006.0,1,2,1
411.0,3,3,1
7915.0,1,1,1
4237.0,27,39,1
8786.0,48,61,4
2132.0,2,2,1
17733.0,76,93,4
502.0,2,2,1
8634.0,24,32,2
6237.0,27,33,3
5140.0,1,1,1
589.0,19,26,1
826.0,1,1,1
5676.0,2,3,1
2740.0,7,8,1
2722.0,18,18,2
430.0,7,9,1
9228.0,31,41,2
8911.0,1,1,1
196.0,27,36,1
277.0,1,1,1
231.0,1,1,1
1418.0,5,6,2
4364.0,19,22,3
7409.0,28,31,5
891.0,1,1,1
21175.0,75,84,9
2930.0,2,2,1
13412.0,59,62,4
10151.0,34,46,4
2595.0,2,2,1
3033.0,15,20,2
5093.0,2,2,1
2737.0,34,44,3
703.0,1,1,1
458.0,2,3,1
3138.0,2,2,2
320.0,12,18,1
727.0,5,6,2
2766.0,2,2,1
408.0,11,13,1
389.0,1,1,1
2950.0,1,1,1
4667.0,31,37,2
8642.0,40,45,4
1023.0,6,8,2
6812.0,49,62,3
297.0,1,1,1
3039.0,9,11,2
2378.0,10,13,2
1212.0,5,5,2
444.0,2,4,1
7161.0,24,35,4
618.0,3,3,2
1730.0,1,2,1
6149.0,27,30,4
490.0,2,2,1
1310.0,2,2,1
389.0,7,7,1
916.0,2,2,1
3703.0,5,5,1
3328.0,25,30,2
2994.0,1,1,1
5130.0,7,11,1
1242.0,26,32,2
1759.0,5,7,2
16379.0,56,64,6
753.0,8,9,1
105.0,4,4,1
9176.0,35,47,6
2085.0,11,11,2
1755.0,7,11,1
5796.0,27,35,2
1387.0,2,2,1
4999.0,4,6,1
370.0,22,30,1
13486.0,52,63,5
2335.0,2,2,1
23645.0,95,115,6
7109.0,1,1,1
1210.0,16,17,1
30120.0,21,22,8
339.0,50,67,1
14664.0,31,41,3
350.0,13,16,1
1750.0,2,2,1
9789.0,51,65,3
2176.0,4,4,2
5808.0,27,30,2
1030.0,1,1,1
6242.0,21,33,3
616.0,2,2,1
2376.0,3,5,1
34452.0,107,137,8
3221.0,1,1,1
6407.0,15,18,2
5218.0,2,2,1
17998.0,73,95,4
12916.0,2,2,1
22184.0,105,135,6
10404.0,33,40,2
7733.0,2,2,1
5884.0,26,36,2
1201.0,2,2,1
5217.0,22,28,2
4907.0,2,2,1
19399.0,57,80,4
8965.0,2,2,1
300.0,20,25,1
940.0,1,1,1
250.0,3,3,1
5790.0,1,1,1
9225.0,16,24,1
6607.0,58,75,3
12910.0,1,1,1
12965.0,87,104,4
5114.0,14,20,2
3848.0,2,2,1
5681.0,19,22,2
4466.0,2,2,1
6755.0,36,56,3
3087.0,1,1,1
830.0,6,12,1
10337.0,11,15,2
14501.0,72,100,4
3120.0,2,2,1
2760.0,23,27,2
7777.0,2,2,1
466.0,21,34,1
24303.0,84,111,10
4418.0,12,23,2
6389.0,1,1,1
361.0,20,27,1
2497.0,2,2,1
2607.0,14,22,2
2274.0,2,2,1
5217.0,19,29,3
3641.0,2,2,1
7762.0,37,47,4
1216.0,2,2,1
8254.0,19,33,2
8144.0,2,2,1
428.0,23,37,2
5102.0,18,23,2
2356.0,5,9,2
20404.0,29,33,4
389.0,33,44,1
3420.0,2,2,1
5427.0,28,38,2
6839.0,25,32,4
2942.0,2,2,1
450.0,16,21,1
509.0,1,1,1
310.0,1,1,1
2941.0,16,20,2
910.0,1,1,1
3050.0,16,17,2
4420.0,2,2,1
301.0,19,21,1
2077.0,2,2,1
1413.0,8,9,1
482.0,4,6,1
300.0,2,2,1
2228.0,9,13,2
5836.0,20,21,2
4173.0,2,2,1
4313.0,27,37,3
1666.0,2,2,1
8232.0,94,129,3
38118.0,112,149,11
1079.0,9,14,2
6728.0,16,18,3
13756.0,9,11,1
6501.0,69,87,3
1837.0,3,4,1
3764.0,17,22,2
883.0,5,8,2
6600.0,3,3,1
3859.0,31,38,3
1408.0,2,2,1
8320.0,24,32,4
1864.0,2,2,1
7692.0,32,35,3
1926.0,4,6,2
1049.0,3,5,1
2788.0,7,8,1
5910.0,32,43,2
9216.0,43,50,3
2576.0,2,2,1
2683.0,9,10,1
3979.0,3,3,1
526.0,15,17,1
182.0,1,1,1
160.0,1,1,1
3798.0,15,19,4
1203.0,1,2,1
618.0,8,8,1
5898.0,10,19,1
1831.0,11,14,2
4879.0,18,20,4
1490.0,1,1,1
875.0,2,2,1
266.0,4,5,1
2645.0,9,14,2
14196.0,32,42,2
1600.0,11,12,1
2431.0,12,14,2
1539.0,2,2,1
1118.0,7,9,2
589.0,5,5,1
11363.0,34,42,2
3187.0,4,4,2
2092.0,15,24,2
10058.0,1,1,1
1200.0,24,30,1
3175.0,15,16,2
1596.0,3,4,2
535.0,3,4,1
13491.0,23,28,3
483.0,12,17,1
3240.0,2,2,1
510.0,28,32,2
7720.0,2,2,1
523.0,23,33,1
3431.0,2,2,1
460.0,6,11,1
8083.0,1,1,1
12670.0,64,80,4
6791.0,2,2,1
486.0,12,19,1
2801.0,1,1,1
511.0,7,10,1
3610.0,1,1,1
13652.0,42,56,6
1056.0,2,2,1
4634.0,15,18,2
4768.0,1,1,1
623.0,14,17,1
5577.0,1,1,1
308.0,13,19,1
1920.0,2,2,1
2522.0,15,20,2
2371.0,5,5,2
1785.0,10,11,3
5044.0,1,1,1
3191.0,27,33,2
13293.0,32,48,5
990.0,9,10,1
1210.0,2,2,1
1010.0,7,10,1
455.0,6,9,2
2179.0,5,8,2
1180.0,1,3,1
2156.0,11,18,2
2646.0,10,18,2
2679.0,10,13,3
799.0,2,2,1
4657.0,2,3,1
625.0,3,3,1
7238.0,11,12,2
6320.0,27,35,3
5355.0,15,16,2
798.0,5,6,2
895.0,1,2,1
3316.0,7,9,3
410.0,8,11,1
7836.0,23,28,4
7371.0,17,22,3
1293.0,5,8,2
1034.0,3,3,1
2740.0,5,5,2
349.0,9,12,1
1429.0,1,1,1
310.0,5,5,1
282.0,2,2,1
1416.0,5,5,2
1924.0,8,9,2
318.0,6,7,2
4334.0,1,1,1
677.0,13,15,1
491.0,2,3,1
1456.0,1,1,1
204.0,8,10,1
6532.0,18,22,3
1324.0,2,3,1
12178.0,14,19,2
4483.0,9,13,1
9507.0,36,51,4
6412.0,2,3,1
680.0,15,20,1
1877.0,2,2,1
879.0,8,9,1
575.0,3,3,1
1998.0,2,2,1
683.0,7,9,1
441.0,1,2,1
547.0,1,2,1
1473.0,6,7,1
38533.0,110,133,9
7697.0,12,14,2
14715.0,10,11,1
1810.0,3,4,1
36968.0,103,150,7
3702.0,15,19,3
12232.0,39,55,4
3980.0,2,2,1
373.0,23,29,2
8996.0,15,20,3
9351.0,40,50,6
280.0,5,10,1
2253.0,10,14,3
1310.0,2,2,1
292.0,10,16,2
7686.0,19,29,2
4814.0,2,2,1
9085.0,37,49,4
710.0,1,1,1
45182.0,115,140,11
9730.0,62,90,3
2050.0,1,1,1
2657.0,17,24,2
1104.0,11,16,2
3721.0,15,19,2
19290.0,2,2,1
7269.0,4,5,1
22395.0,84,107,7
1513.0,1,1,1
4492.0,17,22,2
623.0,1,2,1
3158.0,3,3,1
8395.0,9,11,2
6927.0,29,41,2
2650.0,3,3,1
538.0,13,16,1
356.0,2,2,1
4040.0,1,1,1
5441.0,21,28,2
12145.0,1,1,1
43748.0,136,192,4
17795.0,41,60,4
9611.0,2,2,1
20463.0,62,77,5
9101.0,6,8,1
5556.0,25,33,2
3340.0,2,2,1
12926.0,41,55,2
1185.0,2,2,1
2727.0,4,5,1
360.0,9,13,1
2000.0,1,1,1
22589.0,58,73,4
400.0,2,2,1
592.0,13,16,2
2790.0,2,2,1
660.0,19,24,2
3062.0,1,1,1
15662.0,46,77,2
11705.0,4,4,1
1887.0,21,27,2
3536.0,7,7,2
2328.0,23,31,4
7041.0,1,1,1
1212.0,21,32,1
821.0,2,2,1
1350.0,1,1,1
1700.0,4,5,1
210.0,4,8,1
505.0,2,2,1
1000.0,1,2,1
632.0,2,2,1
6836.0,26,38,2
2660.0,1,1,1
7368.0,35,49,2
11356.0,2,2,1
644.0,32,46,1
6453.0,2,2,1
6770.0,39,53,2
1187.0,2,2,1
9647.0,33,54,4
6770.0,1,1,1
310.0,28,34,1
2211.0,4,4,2
1792.0,17,20,2
6933.0,1,1,1
390.0,22,30,1
13279.0,4,4,2
1444.0,41,57,1
1470.0,7,7,1
1496.0,6,11,2
2790.0,7,7,1
340.0,12,15,1
6760.0,2,2,1
608.0,39,42,2
2290.0,1,1,1
457.0,9,13,1
8509.0,1,1,1
4596.0,53,76,2
1574.0,2,2,1
10141.0,9,9,1
367.0,28,34,1
2803.0,4,4,2
2423.0,13,15,2
2113.0,12,16,2
1480.0,3,3,1
4310.0,8,8,1
7269.0,31,42,2
5960.0,2,2,1
832.0,17,23,2
7830.0,2,2,1
347.0,27,33,1
568.0,2,2,1
10912.0,18,18,3
7102.0,17,27,1
812.0,9,11,1
7358.0,3,4,1
310.0,18,20,1
3790.0,2,2,1
17397.0,46,57,5
5281.0,36,51,2
1431.0,1,1,1
410.0,7,10,1
2512.0,2,2,2
864.0,11,18,2
3618.0,3,4,2
6839.0,32,45,3
2102.0,2,2,1
452.0,8,14,1
461.0,1,1,1
1878.0,1,1,1
2210.0,6,6,1
1729.0,7,9,2
738.0,4,5,1
1039.0,6,6,2
8290.0,25,32,2
6660.0,18,21,4
1124.0,10,11,1
9126.0,13,17,2
4239.0,38,54,2
2902.0,11,14,2
892.0,5,5,2
374.0,1,1,1
963.0,1,1,1
3277.0,13,14,2
4257.0,6,8,2
6213.0,29,40,3
9782.0,48,53,7
512.0,2,2,1
8511.0,31,35,2
200.0,1,1,1
2913.0,14,21,3
2193.0,8,13,2
3873.0,3,7,2
16351.0,57,74,5
40206.0,155,192,21
3582.0,1,1,1
21150.0,89,115,9
12211.0,36,53,3
8524.0,1,1,1
446.0,24,34,1
28397.0,110,147,11
12573.0,53,70,4
5873.0,5,7,3
1163.0,13,15,2
8196.0,4,4,3
5448.0,44,64,2
6554.0,36,50,6
783.0,3,3,1
3343.0,11,20,4
370.0,3,3,1
2420.0,18,21,4
6860.0,21,29,2
61897.0,208,255,17
2110.0,1,1,1
8775.0,48,58,4
968.0,1,1,1
5378.0,26,32,3
340.0,7,9,1
3550.0,11,12,2
6031.0,33,42,3
7756.0,2,2,1
830.0,37,45,2
53486.0,178,236,13
780.0,1,1,1
18333.0,72,94,4
565.0,1,1,1
11455.0,47,58,4
1101.0,1,1,1
552.0,8,9,1
715.0,2,3,1
1410.0,11,13,2
850.0,4,7,1
422.0,6,8,2
520.0,1,1,1
1965.0,3,5,1
100.0,5,6,1
4918.0,3,3,2
519.0,5,5,1
1661.0,18,24,4
2843.0,16,26,4
15307.0,2,2,2
546.0,35,43,1
25097.0,94,122,8
4878.0,13,17,3
2474.0,2,2,1
3281.0,40,56,4
2697.0,1,1,1
446.0,9,13,1
10876.0,42,51,5
3022.0,1,1,1
3760.0,31,42,2
3128.0,1,1,1
3337.0,1,2,1
36229.0,121,151,7
11148.0,2,2,1
1811.0,35,46,3
5351.0,8,11,2
5969.0,31,35,2
820.0,18,24,2
6373.0,3,3,2
992.0,16,21,2
726.0,4,4,2
1020.0,9,15,2
24182.0,86,110,10
12064.0,1,1,1
390.0,49,58,1
191.0,2,2,1
16560.0,38,51,3
450.0,17,21,1
20784.0,77,94,5
17267.0,13,18,4
1439.0,8,9,1
18649.0,34,42,5
1092.0,9,9,1
7654.0,17,28,4
4529.0,2,2,1
5441.0,22,27,3
1838.0,2,2,1
644.0,8,10,1
1700.0,3,3,1
316.0,5,5,1
4356.0,1,1,1
498.0,11,11,1
2981.0,2,2,1
478.0,10,16,1
4544.0,6,6,3
878.0,15,16,2
5071.0,2,2,1
480.0,14,17,1
2134.0,2,2,1
3567.0,14,18,2
3882.0,2,2,2
496.0,11,14,1
1610.0,2,2,1
596.0,13,16,2
1716.0,2,2,1
560.0,6,8,1
186.0,2,2,1
5841.0,1,1,1
3578.0,3,3,1
371.0,10,12,1
800.0,1,1,1
2044.0,8,9,2
61.0,5,5,1
2429.0,8,9,2
3080.0,1,3,1
500.0,6,7,1
688.0,1,1,1
688.0,17,21,2
3972.0,3,3,2
628.0,10,11,1
2325.0,2,2,1
395.0,5,6,1
1482.0,2,2,2
616.0,3,3,1
5039.0,3,3,2
724.0,19,28,2
5478.0,5,5,2
17899.0,14,17,2
3899.0,11,14,1
17617.0,39,45,7
952.0,5,5,1
9925.0,30,38,5
2326.0,6,6,2
3309.0,14,17,3
2911.0,4,4,1
1902.0,15,19,3
2363.0,2,2,2
664.0,5,5,1
2458.0,2,2,1
919.0,5,7,1
4713.0,17,23,2
1968.0,6,7,2
5620.0,15,17,2
809.0,5,6,1
11360.0,47,57,7
2893.0,2,2,1
11752.0,52,61,3
4941.0,2,2,2
389.0,16,19,1
2643.0,2,2,1
4883.0,30,32,2
7403.0,28,41,4
226.0,2,2,1
400.0,1,1,1
3059.0,1,1,1
960.0,16,18,2
3553.0,2,2,1
234.0,13,14,1
3817.0,2,3,1
395.0,9,10,1
224.0,1,1,1
413.0,1,1,1
5219.0,2,2,1
3307.0,27,32,2
10045.0,48,63,5
3477.0,2,2,1
286.0,12,14,1
787.0,11,14,3
665.0,3,3,2
494.0,2,2,2
174.0,2,2,1
3221.0,13,16,2
3800.0,1,1,1
5318.0,25,28,3
3684.0,2,2,1
458.0,15,20,1
3105.0,1,1,1
520.0,7,11,1
1375.0,1,1,1
355.0,4,6,1
21047.0,74,89,10
1365.0,3,3,1
4520.0,9,11,1
1498.0,19,22,2
273.0,4,4,1
2766.0,11,14,3
1858.0,1,1,1
378.0,5,7,1
1952.0,8,10,2
903.0,1,2,1
2970.0,4,4,1
352.0,13,17,1
1250.0,1,1,1
991.0,8,8,2
1542.0,1,1,1
860.0,6,9,1
11967.0,51,57,5
182.0,1,1,1
1737.0,1,1,1
372.0,6,7,1
13010.0,41,47,5
5250.0,19,23,3
2106.0,4,4,2
452.0,8,10,1
451.0,1,1,1
424.0,2,2,1
2543.0,1,1,1
595.0,10,11,1
18406.0,77,91,7
7656.0,1,1,1
506.0,19,27,1
508.0,1,1,1
1389.0,10,11,2
1323.0,1,1,1
1064.0,5,5,1
291.0,2,2,1
12471.0,36,44,4
2291.0,2,2,1
9169.0,13,18,2
442.0,10,14,1
2131.0,2,2,1
2725.0,19,27,3
12295.0,21,31,3
595.0,5,7,1
9506.0,29,36,4
13674.0,20,32,3
709.0,22,30,1
8192.0,1,1,1
1963.0,25,30,1
300.0,5,6,1
190.0,1,1,1
1127.0,1,1,1
340.0,4,5,1
1812.0,2,2,1
25756.0,75,94,8
12846.0,13,15,2
512.0,12,17,1
9236.0,1,1,1
5092.0,40,51,2
4482.0,7,8,3
3371.0,12,16,2
473.0,2,2,1
522.0,2,2,1
1938.0,12,13,2
8191.0,15,19,2
15445.0,39,49,5
863.0,6,8,1
3509.0,11,13,2
298.0,6,10,1
3700.0,1,1,1
735.0,12,15,1
13754.0,25,25,4
1585.0,2,2,1
8962.0,24,30,3
825.0,8,9,1
5699.0,8,11,2
3171.0,6,15,1
1272.0,16,19,1
3270.0,16,20,2
3253.0,4,5,2
1243.0,10,13,1
39704.0,121,168,11
522.0,4,4,1
14092.0,39,54,4
1812.0,10,11,2
13980.0,40,57,4
7035.0,24,36,3
2962.0,1,1,1
492.0,27,33,2
2296.0,4,4,2
9159.0,31,36,3
2880.0,1,1,1
2741.0,22,29,2
3056.0,2,2,1
354.0,14,17,1
8925.0,1,1,1
465.0,35,44,1
4672.0,1,1,1
440.0,16,20,1
4592.0,2,2,1
2702.0,25,33,2
2213.0,1,1,1
4073.0,40,57,3
1822.0,2,2,2
2359.0,12,16,2
6605.0,24,31,3
3310.0,1,1,1
189.0,16,22,1
10288.0,37,48,4
4280.0,2,2,1
410.0,14,21,1
18830.0,54,77,8
2632.0,2,2,1
2495.0,17,21,2
3374.0,1,1,1
311.0,13,14,1
8681.0,2,2,1
10490.0,43,56,2
451.0,12,16,1
2565.0,1,1,1
467.0,10,11,1
573.0,1,1,1
4257.0,22,29,5
4097.0,3,3,2
484.0,15,20,1
2536.0,8,9,2
6131.0,28,37,3
3799.0,1,1,1
619.0,16,22,1
2196.0,2,2,1
650.0,10,13,1
9763.0,7,9,2
1790.0,18,28,1
1010.0,7,11,1
2474.0,11,19,2
2019.0,2,2,1
441.0,7,8,1
4836.0,2,2,1
433.0,17,20,1
2142.0,2,2,1
1168.0,10,14,1
3479.0,4,5,1
500.0,13,20,1
3717.0,2,2,1
4619.0,17,25,2
3389.0,3,3,1
67876.0,192,254,15
564.0,2,2,1
6626.0,1,1,1
56388.0,226,285,11
2701.0,9,13,2
1804.0,1,1,1
32517.0,98,121,11
4184.0,2,2,1
33981.0,126,157,10
7516.0,2,2,1
447.0,20,28,1
16760.0,58,74,5
301.0,3,5,1
38240.0,139,176,9
9140.0,17,23,3
23158.0,69,96,7
4020.0,4,5,2
359.0,11,11,1
5640.0,1,1,1
10816.0,21,28,1
150786.0,86,101,6
794.0,2,2,1
131149.0,407,503,37
4206.0,2,2,2
33736.0,117,144,8
2878.0,1,1,1
24207.0,85,99,7
283.0,3,3,1
10125.0,54,67,3
27495.0,60,73,7
3461.0,8,15,2
3928.0,2,2,1
672.0,17,24,2
15271.0,2,2,1
48659.0,175,251,11
362.0,1,1,1
1001.0,1,1,1
1275.0,4,4,2
690.0,4,8,1
4315.0,12,15,3
1230.0,2,2,1
425.0,3,6,1
3034.0,2,2,1
7931.0,25,34,4
359.0,8,8,1
4797.0,13,18,2
1511.0,4,4,1
5083.0,27,31,4
3900.0,2,2,1
514.0,9,14,1
1748.0,2,2,1
8575.0,21,35,2
12688.0,2,3,1
540.0,40,52,1
1573.0,2,2,1
2702.0,13,16,2
1570.0,1,1,1
670.0,6,8,1
5427.0,13,14,2
4772.0,35,43,3
2554.0,2,2,1
4449.0,17,19,2
590.0,10,15,1
991.0,3,6,2
2949.0,2,4,2
2026.0,19,20,2
932.0,5,7,2
1749.0,6,7,2
521.0,2,2,1
485.0,1,3,1
3580.0,2,2,1
241.0,9,15,1
1770.0,2,2,1
410.0,8,8,1
3650.0,1,1,1
596.0,13,15,1
2146.0,5,5,2
2656.0,14,19,2
2149.0,2,2,1
616.0,9,11,1
4897.0,1,1,1
4849.0,33,39,3
1252.0,1,1,1
544.0,10,10,2
561.0,1,1,1
2237.0,14,14,2
3107.0,4,6,2
4488.0,9,15,1
4690.0,39,49,4
727.0,24,38,2
4487.0,3,3,2
576.0,25,39,2
2697.0,3,3,2
437.0,10,12,1
1990.0,1,1,1
376.0,10,12,1
1344.0,1,1,1
4316.0,17,24,2
7032.0,10,15,2
4500.0,25,45,2
2818.0,1,1,1
3251.0,21,30,2
1716.0,2,2,1
400.0,11,14,1
2687.0,5,6,3
5293.0,16,18,3
150.0,6,6,1
376.0,1,1,1
8436.0,7,7,1
23260.0,88,122,10
26956.0,97,131,7
427.0,1,1,1
8755.0,34,44,4
2954.0,2,2,1
30152.0,110,142,7
6570.0,25,42,3
5472.0,2,2,1
961.0,19,27,1
13344.0,48,74,4
12820.0,1,1,1
311.0,33,52,1
16940.0,57,81,3
11773.0,2,2,1
3871.0,16,21,1
14264.0,24,29,2
7790.0,68,91,2
5150.0,1,1,1
372.0,15,23,1
6021.0,2,2,1
10502.0,51,69,5
588.0,1,1,1
965.0,1,1,1
873.0,3,6,1
17168.0,52,77,5
6024.0,15,27,2
392.0,5,5,1
1319.0,8,8,3
16140.0,42,52,5
18623.0,40,49,3
3885.0,5,5,2
2818.0,12,16,2
4944.0,22,24,4
3467.0,15,15,2
6326.0,18,22,2
3526.0,2,2,1
520.0,12,13,1
4697.0,1,1,1
4577.0,32,37,2
10974.0,32,39,3
3506.0,2,2,1
18906.0,48,57,3
290.0,19,26,1
2794.0,4,4,3
550.0,11,13,1
3626.0,1,1,1
2866.0,19,23,3
3550.0,1,1,1
420.0,11,14,1
6092.0,26,31,5
4480.0,2,2,1
3431.0,33,44,3
12826.0,2,2,1
437.0,40,47,1
3678.0,13,14,2
2986.0,4,4,2
243.0,12,15,1
1157.0,2,2,1
412.0,9,9,2
18370.0,67,77,7
5044.0,20,29,3
338.0,1,1,1
4724.0,2,2,1
2842.0,23,25,3
282.0,5,5,1
372.0,3,4,2
6804.0,25,27,5
1605.0,1,1,1
490.0,8,8,1
4220.0,1,1,1
2217.0,14,15,2
14245.0,40,47,4
7657.0,4,4,2
390.0,21,22,1
2731.0,2,2,1
2897.0,18,22,3
5933.0,17,20,2
3257.0,2,2,1
368.0,13,14,1
714.0,1,1,1
5214.0,2,2,1
1424.0,37,43,3
307.0,1,1,1
1048.0,1,1,1
460.0,4,6,1
2178.0,1,1,1
388.0,12,13,1
540.0,1,1,1
8071.0,2,2,1
10053.0,58,71,5
5087.0,21,24,5
2319.0,2,2,1
271.0,12,13,1
1220.0,2,2,2
780.0,4,5,1
420.0,2,4,1
530.0,1,1,1
7943.0,31,33,2
2930.0,2,2,1
439.0,13,16,1
11402.0,2,2,1
13946.0,19,22,2
451.0,19,24,1
641.0,1,1,1
3827.0,2,3,2
2403.0,21,25,2
1199.0,1,1,1
4425.0,14,18,2
453.0,2,2,1
536.0,2,2,1
1559.0,2,2,1
2579.0,5,5,1
31873.0,100,126,8
3645.0,1,1,1
18005.0,46,61,3
1876.0,2,3,1
21387.0,72,98,5
18590.0,57,76,6
986.0,2,2,1
4812.0,18,23,2
9918.0,2,2,1
2466.0,10,11,1
10409.0,45,54,4
2956.0,1,1,1
10046.0,44,53,3
4167.0,1,1,1
546.0,17,19,1
8437.0,1,1,1
634.0,30,36,1
13504.0,43,54,3
1874.0,3,3,2
8392.0,9,9,2
634.0,21,28,2
7586.0,2,2,1
469.0,26,30,1
2694.0,2,2,1
12503.0,39,49,2
3618.0,3,3,1
44719.0,61,73,4
1826.0,15,16,1
29029.0,92,119,9
603.0,18,26,2
5865.0,4,4,2
460.0,20,24,1
432.0,1,1,1
13956.0,46,69,4
24311.0,41,60,2
6543.0,49,56,4
6646.0,2,2,1
685.0,24,30,1
4090.0,2,2,1
3020.0,14,15,1
810.0,8,13,1
9152.0,34,46,3
6410.0,1,1,1
521.0,23,29,1
646.0,1,1,1
2910.0,1,1,1
7198.0,27,35,4
10320.0,41,51,4
2650.0,2,2,1
3216.0,23,29,4
1210.0,1,1,1
12887.0,40,50,5
473.0,15,22,1
1580.0,1,1,1
1777.0,12,17,2
7570.0,1,1,1
1873.0,21,32,1
2270.0,12,17,2
494.0,10,12,2
3000.0,1,1,1
640.0,10,10,1
784.0,2,3,1
680.0,3,4,1
313.0,2,3,1
1943.0,3,3,2
780.0,14,19,2
980.0,1,1,1
1791.0,8,10,2
4490.0,20,29,3
2030.0,1,1,1
2450.0,7,8,1
779.0,26,31,2
11419.0,25,35,4
10998.0,39,46,4
1740.0,2,2,1
9228.0,28,39,5
3164.0,4,4,1
19190.0,76,101,3
3862.0,2,2,1
920.0,8,13,1
2510.0,3,4,1
607.0,11,14,1
1339.0,2,2,1
3049.0,6,6,1
2475.0,10,11,1
5572.0,17,24,2
1694.0,2,2,1
11683.0,33,48,2
1566.0,2,2,1
8952.0,38,47,4
341.0,1,2,1
803.0,4,6,2
2327.0,1,1,1
2700.0,10,13,1
10953.0,48,66,3
237.0,2,2,1
15572.0,43,66,3
1406.0,2,2,1
17944.0,59,82,5
11379.0,34,46,7
1750.0,1,1,1
5907.0,29,36,5
1030.0,2,2,1
8785.0,21,23,4
447.0,17,24,1
6490.0,1,1,1
20159.0,34,42,3
866.0,6,7,1
15867.0,44,69,4
600.0,9,11,1
640.0,1,1,1
6639.0,26,30,4
740.0,2,2,1
2787.0,6,8,3
1060.0,3,6,1
4137.0,19,23,4
4080.0,1,1,1
799.0,13,15,1
932.0,2,2,1
700.0,2,3,1
1195.0,2,2,1
5063.0,25,29,4
3157.0,9,13,2
981.0,1,1,1
2108.0,6,7,2
5461.0,28,35,3
1831.0,2,2,1
1550.0,6,11,1
3991.0,13,20,3
1630.0,1,1,1
21507.0,55,75,9
743.0,11,11,1
12269.0,35,46,6
3741.0,2,2,1
644.0,13,17,1
1640.0,1,1,1
3280.0,13,17,4
7209.0,29,38,4
260.0,2,2,1
1528.0,1,2,1
2070.0,1,1,1
7743.0,14,18,2
339.0,16,23,1
7296.0,2,2,1
800.0,22,33,1
2080.0,4,6,1
7858.0,36,49,2
620.0,2,2,1
1959.0,6,6,2
1040.0,7,10,1
4152.0,20,27,3
840.0,1,2,1
1338.0,14,14,2
4550.0,3,5,2
5174.0,36,45,3
2105.0,12,13,3
3380.0,5,11,3
850.0,2,2,1
230.0,2,5,1
590.0,1,1,1
193.0,2,2,1
666.0,6,6,2
28248.0,75,109,10
8319.0,40,54,4
531.0,3,4,1
700.0,2,2,1
1517.0,4,4,1
2514.0,10,14,2
5951.0,2,2,1
4245.0,23,33,2
1540.0,1,1,1
4789.0,20,25,3
5467.0,1,1,1
1337.0,23,28,2
2042.0,14,15,2
20141.0,75,90,9
1220.0,1,1,1
5358.0,19,22,2
980.0,2,2,1
231.0,4,4,1
4264.0,10,11,2
5807.0,29,36,4
8810.0,2,2,1
3073.0,16,23,1
870.0,6,8,1
2122.0,5,8,2
338.0,6,8,1
15141.0,43,55,7
1370.0,5,9,1
352.0,4,10,1
2200.0,2,2,1
7049.0,33,40,3
809.0,2,2,1
2346.0,10,12,2
1511.0,2,2,1
6772.0,19,28,4
873.0,10,11,2
2030.0,2,2,1
428.0,9,10,2
2030.0,2,2,1
6129.0,22,32,4
2470.0,2,2,1
4523.0,28,37,4
2620.0,2,2,1
771.0,12,14,1
1390.0,3,3,1
6440.0,26,29,5
6386.0,28,35,4
648.0,2,2,1
7273.0,30,38,4
1190.0,2,2,1
1515.0,6,6,1
5843.0,9,9,1
450.0,11,17,1
660.0,2,2,1
8259.0,31,42,4
2647.0,4,5,1
640.0,15,18,1
358.0,2,2,1
386.0,1,1,1
2953.0,9,10,2
7486.0,32,43,3
1417.0,1,1,1
3240.0,9,10,1
640.0,11,16,1
3670.0,1,1,1
1098.0,23,29,2
2037.0,6,7,2
8006.0,23,33,2
6690.0,33,38,3
3438.0,2,2,1
5270.0,28,41,4
3269.0,6,7,1
312.0,10,13,1
1050.0,2,2,1
9660.0,35,41,4
3822.0,1,1,1
6402.0,35,41,4
3789.0,14,18,3
1026.0,1,1,1
2848.0,5,5,1
2803.0,16,19,2
1920.0,3,5,1
379.0,5,8,1
1572.0,2,2,1
385.0,7,10,1
6069.0,1,1,1
364.0,19,23,1
1815.0,2,2,1
11857.0,50,64,7
653.0,1,1,1
5492.0,21,29,3
1490.0,3,4,1
5606.0,21,28,2
2410.0,2,2,1
9152.0,31,47,3
308.0,10,13,1
723.0,1,1,1
1644.0,3,4,1
1690.0,5,6,1
540.0,6,7,2
3920.0,1,1,1
2281.0,21,24,2
4249.0,9,11,2
15798.0,40,55,4
3550.0,1,1,1
1242.0,16,22,2
5395.0,4,4,2
528.0,19,25,1
3134.0,2,2,1
15092.0,45,65,3
4713.0,2,2,1
614.0,21,27,1
9108.0,1,1,1
755.0,37,49,1
5077.0,2,3,1
6642.0,51,63,3
1540.0,5,5,2
2481.0,11,12,4
2633.0,7,8,2
3826.0,25,30,2
2622.0,2,2,1
4064.0,25,33,2
7480.0,2,2,1
5916.0,44,67,2
6635.0,3,5,1
473.0,17,23,1
2330.0,2,2,1
2855.0,22,29,2
1015.0,3,5,1
635.0,8,12,2
1248.0,6,7,2
1602.0,6,6,2
319.0,4,5,1
1043.0,14,16,3
4540.0,5,5,2
9675.0,37,54,3
793.0,1,3,1
653.0,9,14,2
4927.0,3,3,2
19086.0,36,46,2
5209.0,3,3,1
8992.0,57,83,3
4212.0,2,2,1
595.0,20,25,1
882.0,1,2,1
8536.0,18,21,4
2889.0,22,28,2
5042.0,2,2,1
479.0,16,18,1
3112.0,2,2,1
634.0,8,9,1
2470.0,2,3,1
4688.0,22,26,2
985.0,2,2,1
730.0,4,4,1
420.0,1,2,1
5774.0,15,19,3
2666.0,2,2,1
454.0,11,13,1
9091.0,2,2,1
315.0,24,31,1
8399.0,2,2,1
586.0,16,17,1
1359.0,2,2,1
455.0,5,6,1
3220.0,2,2,1
527.0,14,15,1
3666.0,2,2,1
6216.0,9,13,1
6013.0,48,60,4
380.0,13,14,1
3481.0,1,1,1
503.0,13,15,1
5302.0,2,2,1
415.0,15,16,1
8447.0,2,2,1
423.0,14,18,1
5466.0,2,2,1
430.0,15,16,1
2764.0,4,4,2
352.0,5,10,1
874.0,2,2,1
5802.0,15,21,2
1220.0,2,2,1
460.0,17,20,2
4812.0,4,4,2
2847.0,27,37,3
5941.0,4,4,2
423.0,15,20,1
3274.0,13,14,3
3510.0,2,2,1
21898.0,116,160,10
4857.0,1,1,1
12544.0,71,94,4
507.0,3,2,1
386.0,2,2,1
1984.0,2,2,1
16929.0,47,71,4
397.0,18,18,1
5889.0,1,1,1
349.0,16,21,1
1695.0,1,1,1
303.0,5,7,1
5797.0,1,1,1
326.0,21,25,1
5992.0,1,1,1
380.0,12,16,1
3826.0,2,1,1
8027.0,34,45,2
1333.0,2,2,1
371.0,4,5,1
2240.0,2,2,1
332.0,9,10,1
1273.0,2,2,1
544.0,7,8,1
2912.0,2,2,1
355.0,12,16,1
5450.0,3,3,2
440.0,8,11,1
1365.0,2,2,1
471.0,5,6,1
6455.0,6,6,2
547.0,9,14,1
3125.0,3,3,1
552.0,16,17,2
1395.0,2,2,1
17659.0,48,62,5
1296.0,6,9,1
547.0,10,18,2
790.0,2,2,1
299.0,6,6,1
1829.0,7,8,2
5793.0,16,19,2
2063.0,2,2,1
841.0,6,9,1
2050.0,2,2,1
9094.0,38,44,5
840.0,1,1,1
1040.0,3,5,1
965.0,6,7,2
7581.0,22,30,3
2423.0,10,12,2
3040.0,2,4,1
552.0,7,10,1
8377.0,26,36,6
2485.0,2,2,1
4673.0,23,34,2
845.0,1,1,1
675.0,4,5,2
3816.0,15,16,2
5355.0,13,17,2
1336.0,7,10,1
2230.0,6,8,1
2746.0,17,23,2
5985.0,19,22,2
3440.0,2,2,1
11211.0,46,50,6
3030.0,1,2,1
1107.0,15,19,2
2416.0,3,3,1
1361.0,14,19,2
1618.0,1,1,1
11607.0,40,53,4
2608.0,2,2,2
2189.0,11,14,1
740.0,7,9,1
11528.0,40,49,4
1290.0,3,3,1
2579.0,5,5,2
910.0,8,10,1
823.0,12,14,3
4010.0,1,1,1
7780.0,49,66,4
2020.0,1,1,1
340.0,11,11,1
2216.0,4,4,2
16024.0,59,78,6
1422.0,1,1,1
848.0,5,6,1
2100.0,2,2,1
3804.0,22,30,2
3320.0,4,4,2
390.0,7,10,1
7493.0,27,34,2
851.0,2,2,1
560.0,2,3,1
4402.0,2,2,1
311.0,14,17,1
9466.0,2,2,1
416.0,26,34,1
4594.0,2,2,1
474.0,14,17,1
4505.0,1,1,1
308.0,11,14,1
1190.0,1,1,1
430.0,4,5,1
1280.0,1,1,1
8491.0,25,33,3
2338.0,1,3,1
180.0,8,11,1
1512.0,8,8,3
998.0,3,3,2
4387.0,1,1,1
381.0,11,13,1
2620.0,2,2,1
8540.0,39,47,3
1540.0,2,2,1
4396.0,18,21,2
2200.0,1,2,1
349.0,8,9,1
340.0,1,2,1
378.0,2,2,1
1980.0,1,1,1
2875.0,9,12,2
5462.0,25,36,3
3718.0,1,1,1
551.0,18,22,1
7418.0,2,2,1
262.0,23,34,1
4679.0,2,2,1
3600.0,31,39,3
220.0,1,1,1
652.0,2,2,1
1436.0,2,2,1
1116.0,5,7,1
910.0,5,7,2
8419.0,26,32,4
2111.0,1,1,1
12756.0,6,8,1
509.0,36,44,1
180.0,2,2,1
13369.0,47,62,3
1680.0,2,3,1
12882.0,47,67,3
4465.0,4,4,2
446.0,20,22,1
2780.0,2,2,1
3094.0,20,24,2
4357.0,2,2,1
350.0,9,11,1
449.0,3,3,1
8813.0,26,39,3
1156.0,1,1,1
2563.0,4,4,1
838.0,10,12,1
9385.0,2,2,1
3319.0,37,47,2
300.0,2,2,1
481.0,2,2,1
1054.0,2,2,1
9533.0,35,40,5
842.0,4,6,2
7296.0,29,35,5
3910.0,1,1,1
1486.0,18,24,2
342.0,1,1,1
9911.0,13,17,2
408.0,19,26,1
1270.0,1,1,1
408.0,4,4,1
2046.0,1,1,1
400.0,6,11,1
5699.0,1,1,1
16138.0,39,51,1
1536.0,8,10,2
1450.0,8,9,1
548.0,4,7,1
1390.0,2,2,1
530.0,3,6,1
1912.0,5,7,3
415.0,3,5,1
473.0,1,1,1
238.0,1,1,1
420.0,2,2,1
968.0,1,1,1
3651.0,26,28,4
5938.0,2,2,1
381.0,18,24,1
4122.0,2,2,1
1927.0,19,20,2
5365.0,12,19,3
3341.0,2,2,1
348.0,12,14,1
2729.0,2,2,1
5703.0,15,15,1
1460.0,4,4,1
3848.0,18,22,4
1849.0,2,2,1
2425.0,18,20,3
3312.0,4,4,2
238.0,12,12,1
3315.0,2,2,1
271.0,10,13,1
1096.0,2,2,1
4297.0,21,25,3
854.0,2,2,1
272.0,3,5,1
4094.0,2,2,1
441.0,13,15,1
2656.0,1,1,1
2678.0,18,21,2
2445.0,2,2,1
331.0,12,12,2
1015.0,4,4,2
4642.0,4,5,1
434.0,22,26,1
999.0,1,1,1
417.0,6,6,1
1448.0,12,12,4
1858.0,1,1,1
330.0,8,10,1
1987.0,2,2,2
468.0,27,30,2
9863.0,33,42,5
1009.0,2,2,1
304.0,5,5,1
4001.0,2,2,1
320.0,10,16,1
2704.0,2,2,1
369.0,7,11,1
5792.0,2,2,1
302.0,18,22,1
2038.0,2,2,1
514.0,8,14,2
1310.0,1,1,1
404.0,7,10,1
925.0,1,1,1
290.0,3,4,1
1562.0,10,11,3
1979.0,3,3,2
6151.0,9,11,1
339.0,14,23,1
3144.0,2,2,1
366.0,8,12,1
6436.0,2,2,1
518.0,30,34,1
1523.0,2,2,2
1767.0,2,2,1
4403.0,23,25,2
853.0,3,6,1
321.0,4,4,1
1760.0,7,12,3
2476.0,2,2,2
415.0,5,9,1
1469.0,2,2,1
7802.0,25,43,2
1880.0,1,1,1
371.0,6,11,1
2313.0,1,1,1
456.0,7,14,1
1708.0,2,2,2
2191.0,2,2,1
356.0,7,9,1
819.0,4,4,2
659.0,2,2,1
349.0,1,1,1
4479.0,2,2,1
5267.0,26,35,2
3937.0,2,2,1
2321.0,23,27,2
10250.0,1,1,1
454.0,29,36,1
640.0,1,1,1
472.0,5,5,1
780.0,2,2,1
460.0,9,11,2
820.0,2,2,1
9172.0,49,54,6
4755.0,1,1,1
368.0,10,16,1
2566.0,5,6,2
341.0,7,8,1
1954.0,4,5,3
410.0,10,11,1
6679.0,44,58,6
4268.0,4,4,2
264.0,12,14,1
2848.0,4,4,2
2361.0,13,16,2
1609.0,2,2,1
191.0,3,3,1
1414.0,2,2,1
2894.0,13,18,2
1327.0,2,2,1
280.0,5,6,1
1008.0,3,3,1
2188.0,15,21,3
638.0,2,2,1
227.0,2,2,1
580.0,2,2,1
3020.0,13,16,2
1264.0,2,2,1
655.0,8,8,2
1947.0,2,2,1
232.0,5,8,1
606.0,2,2,1
3524.0,1,1,1
3102.0,30,38,2
303.0,1,1,1
436.0,1,1,1
2684.0,1,1,1
277.0,8,10,1
4204.0,1,1,1
517.0,18,22,1
3076.0,2,2,1
6353.0,23,34,4
1913.0,1,1,1
506.0,5,6,1
1884.0,2,2,2
5634.0,7,8,1
839.0,23,27,1
1057.0,3,3,1
5000.0,12,13,2
1448.0,14,17,2
5570.0,2,2,1
414.0,29,35,2
650.0,2,2,1
462.0,3,3,1
2482.0,1,1,1
5807.0,24,42,2
312.0,3,4,1
1955.0,1,1,1
231.0,9,9,1
1288.0,1,1,1
770.0,5,6,1
345.0,2,2,1
1321.0,1,1,1
314.0,5,7,1
1330.0,1,1,1
333.0,4,9,1
955.0,2,2,1
337.0,4,5,1
3474.0,2,2,1
691.0,15,20,2
1618.0,2,2,1
2863.0,11,14,2
410.0,3,4,1
6917.0,27,30,5
1235.0,3,4,1
1895.0,4,5,1
9735.0,41,50,3
1446.0,2,2,1
239.0,6,8,1
1351.0,2,2,1
4264.0,22,28,4
1636.0,2,2,1
332.0,8,9,1
3004.0,2,2,1
298.0,7,9,1
334.0,2,2,1
6025.0,21,31,3
920.0,2,2,1
10320.0,23,31,2
1637.0,19,22,1
6954.0,12,15,2
3020.0,24,32,2
2207.0,3,3,1
4126.0,26,40,3
6352.0,4,4,2
533.0,12,21,1
9624.0,44,61,4
4668.0,3,4,2
14001.0,58,78,4
2052.0,2,2,1
5102.0,19,25,2
870.0,1,1,1
4319.0,21,26,2
1159.0,5,5,2
2797.0,6,9,2
612.0,8,8,2
1627.0,1,4,1
3750.0,5,6,1
1177.0,20,24,2
1880.0,2,2,1
6418.0,28,36,2
8392.0,26,32,3
715.0,2,2,1
5150.0,17,19,2
2342.0,2,2,1
331.0,9,11,1
2026.0,2,2,1
277.0,11,16,2
2362.0,2,2,1
273.0,7,11,1
5039.0,25,28,4
100.0,2,2,1
8095.0,27,36,2
5563.0,1,1,1
406.0,26,32,1
2034.0,8,9,2
1775.0,1,1,1
709.0,7,14,1
3143.0,3,5,1
856.0,12,18,1
1294.0,1,4,1
510.0,7,8,1
2863.0,16,18,2
234.0,1,1,1
780.0,2,2,1
2154.0,13,15,2
1936.0,4,4,2
1901.0,5,9,1
266.0,4,6,1
167.0,1,1,1
815.0,1,1,1
308.0,4,5,1
1068.0,2,2,1
752.0,13,16,2
1984.0,7,10,2
210.0,1,1,1
9792.0,36,58,5
3964.0,2,2,1
2525.0,24,29,2
8721.0,39,47,2
952.0,2,2,1
8251.0,31,32,3
16526.0,5,8,1
120.0,5,6,1
16983.0,55,69,7
190.0,9,9,2
650.0,2,2,1
621.0,5,5,2
3765.0,1,1,1
1751.0,10,10,1
1204.0,3,3,1
1640.0,6,6,1
2581.0,34,44,3
2417.0,2,2,1
336.0,10,12,1
2969.0,10,14,2
2983.0,2,2,1
237.0,9,9,1
4127.0,3,6,3
410.0,5,7,1
1614.0,9,11,2
1007.0,1,2,1
315.0,3,3,1
10058.0,31,42,4
5498.0,19,21,2
8844.0,2,2,1
415.0,27,37,1
17120.0,53,66,6
4571.0,1,1,1
20496.0,78,101,5
7023.0,27,31,3
3963.0,2,2,1
6459.0,39,48,4
3229.0,6,6,2
8073.0,45,56,2
14543.0,56,73,4
2012.0,1,1,1
2933.0,19,23,2
4274.0,14,16,2
1097.0,5,5,1
161.0,3,4,1
750.0,1,1,1
5138.0,16,19,3
1389.0,1,1,1
384.0,11,12,2
820.0,3,3,1
3694.0,10,12,2
11966.0,44,61,5
3338.0,1,1,1
12205.0,50,67,3
537.0,2,3,1
318.0,2,3,1
3994.0,3,3,2
10274.0,35,49,4
23588.0,77,98,9
6780.0,1,1,1
6160.0,38,48,3
1569.0,2,2,1
485.0,7,8,1
7194.0,2,2,1
1264.0,25,32,1
11187.0,48,59,8
291.0,1,1,1
6944.0,22,30,4
1214.0,5,5,2
1170.0,2,2,1
534.0,10,12,2
4148.0,12,14,3
486.0,3,3,1
5377.0,2,2,1
524.0,16,25,1
1442.0,2,3,2
265.0,1,1,1
4832.0,15,17,2
7198.0,11,11,2
1382.0,15,18,1
414.0,6,7,1
13340.0,46,53,4
3842.0,2,2,1
4878.0,26,34,2
3320.0,1,1,1
7128.0,26,40,2
13156.0,2,2,1
15602.0,74,107,3
4174.0,3,3,1
10170.0,38,46,3
4140.0,1,1,1
2332.0,16,20,2
400.0,3,4,1
1645.0,2,3,1
460.0,5,9,1
3038.0,4,4,2
5666.0,26,32,3
3311.0,2,2,1
1048.0,13,16,2
11687.0,1,1,1
330.0,5,6,1
40889.0,47,59,5
5980.0,5,5,1
17069.0,48,59,5
12175.0,43,51,4
5580.0,2,2,1
335.0,15,17,1
190.0,2,2,1
13939.0,49,62,5
1818.0,2,2,1
430.0,8,9,1
1970.0,2,2,1
4277.0,16,19,2
6136.0,2,3,1
4647.0,32,40,2
3029.0,2,2,1
8576.0,10,10,1
526.0,28,33,1
5112.0,21,31,2
2866.0,2,2,1
350.0,11,12,1
5062.0,3,3,2
360.0,12,17,1
9647.0,19,21,2
3758.0,17,22,2
999.0,2,2,1
10466.0,30,46,2
7274.0,25,28,2
1676.0,2,2,1
592.0,5,7,1
8619.0,22,24,4
3879.0,2,2,1
298.0,14,20,1
770.0,1,1,1
2163.0,9,12,2
4133.0,5,6,1
19842.0,72,99,4
15097.0,38,47,4
7249.0,29,32,4
1692.0,3,3,1
4753.0,7,9,1
491.0,16,23,1
1405.0,2,2,1
15829.0,36,48,4
5641.0,25,31,4
196.0,5,5,1
314.0,1,1,1
510.0,2,2,1
735.0,4,5,1
502.0,4,5,1
335.0,29,34,2
1539.0,1,1,1
353.0,9,9,1
3830.0,14,16,3
737.0,4,7,2
192.0,1,1,1
3522.0,1,1,1
267.0,23,32,2
6417.0,30,32,4
11254.0,35,44,3
7232.0,22,30,2
1290.0,4,5,1
2235.0,15,19,3
2524.0,8,10,2
8957.0,38,50,5
3137.0,9,11,2
7699.0,4,4,2
200.0,19,25,1
4262.0,25,28,5
1772.0,2,2,1
5253.0,25,27,4
89.0,2,2,1
1835.0,1,1,1
3544.0,16,22,2
3390.0,2,2,1
3834.0,27,29,2
2596.0,1,1,1
9023.0,29,44,2
13789.0,50,58,4
318.0,10,20,2
957.0,6,6,3
819.0,1,1,1
205.0,4,4,1
4832.0,13,19,4
685.0,4,4,2
740.0,1,4,1
333.0,5,5,1
2320.0,2,2,1
417.0,13,17,1
132.0,1,1,1
11882.0,55,62,6
5308.0,14,22,2
1020.0,1,1,1
2011.0,14,19,3
21037.0,3,3,2
287.0,51,67,1
3822.0,1,1,1
190.0,11,16,1
2712.0,8,11,2
2148.0,10,13,2
2077.0,12,15,2
6368.0,19,24,2
13261.0,16,20,1
2123.0,26,33,2
18605.0,60,80,6
760.0,2,2,1
4546.0,13,19,2
16136.0,1,1,1
16991.0,86,123,3
940.0,1,1,1
13369.0,52,61,4
1942.0,2,2,1
5285.0,26,36,3
9897.0,1,1,1
469.0,25,28,1
2107.0,1,2,1
684.0,8,9,1
310.0,1,1,1
19147.0,62,75,5
1683.0,1,1,1
3390.0,16,20,2
824.0,1,1,1
7985.0,13,19,3
163.0,18,22,1
1076.0,1,1,1
3800.0,4,6,1
610.0,13,17,1
1960.0,1,1,1
13874.0,46,63,5
8454.0,1,1,1
470.0,26,31,1
1510.0,6,6,3
970.0,3,4,1
432.0,2,4,1
1877.0,1,1,1
112.0,6,7,1
1657.0,11,13,2
2480.0,1,1,1
4193.0,23,26,2
338.0,1,1,1
5386.0,13,15,4
928.0,12,14,2
2164.0,1,1,1
344.0,9,10,1
3308.0,1,1,1
314.0,10,12,1
6514.0,3,3,1
7580.0,46,53,4
676.0,1,1,1
190.0,2,2,1
16505.0,72,88,6
6879.0,3,3,2
11717.0,75,87,3
3363.0,2,2,1
505.0,12,14,1
5903.0,1,1,1
471.0,16,25,1
1581.0,3,3,2
522.0,2,2,1
4828.0,20,26,4
7557.0,2,2,1
387.0,31,35,1
9327.0,24,29,5
335.0,1,1,1
5348.0,27,32,8
1496.0,2,2,1
2229.0,11,16,4
230.0,2,3,1
352.0,1,2,1
1017.0,1,2,1
364.0,3,6,1
4805.0,2,2,1
477.0,15,20,1
2322.0,1,1,1
12004.0,54,61,4
1725.0,1,1,1
354.0,12,13,1
494.0,2,2,1
10129.0,31,41,2
1244.0,1,1,1
18507.0,68,81,7
868.0,2,2,1
17414.0,50,62,5
2036.0,2,2,1
3693.0,18,23,3
1260.0,1,1,1
1706.0,10,13,2
2768.0,2,2,1
885.0,10,12,1
7545.0,1,1,1
765.0,57,82,2
3385.0,5,5,3
146.0,7,7,1
6085.0,4,4,3
591.0,16,21,2
3473.0,16,17,3
7141.0,21,29,4
1962.0,4,4,1
518.0,5,6,1
3099.0,2,2,1
2823.0,10,16,1
293.0,8,8,1
7135.0,18,27,3
4445.0,2,2,1
451.0,17,19,1
5591.0,1,1,1
5735.0,40,50,2
3811.0,2,2,1
3645.0,27,29,2
876.0,1,1,1
10343.0,33,43,6
4794.0,1,1,1
1381.0,15,19,1
1467.0,4,4,1
7267.0,15,16,3
567.0,23,30,1
14315.0,95,124,5
3658.0,3,3,2
493.0,12,14,1
4203.0,12,14,3
910.0,1,1,1
1350.0,5,5,1
1006.0,5,6,1
16896.0,69,74,8
8066.0,24,33,4
2116.0,8,10,2
1559.0,1,1,1
5289.0,23,24,3
7317.0,28,35,5
460.0,2,2,1
15865.0,50,67,5
1540.0,2,2,1
9345.0,19,23,1
2520.0,15,20,2
490.0,2,2,1
1123.0,2,2,1
27980.0,65,79,5
263.0,10,11,1
14034.0,38,47,4
4459.0,14,18,2
1142.0,1,1,1
4328.0,18,25,2
5468.0,1,1,1
3269.0,29,36,2
905.0,1,1,1
3750.0,4,4,1
19468.0,64,84,4
12308.0,2,2,1
32297.0,105,135,6
384.0,20,24,1
834.0,1,1,1
3067.0,11,14,2
1358.0,1,1,1
237.0,5,8,1
10284.0,36,40,3
2000.0,2,2,1
530.0,9,11,1
10663.0,31,41,4
1465.0,2,2,1
4475.0,18,25,2
6383.0,1,1,1
450.0,16,20,1
4424.0,1,1,1
3853.0,28,39,2
525.0,3,3,2
4688.0,21,23,3
1215.0,8,8,2
393.0,1,1,1
3489.0,2,2,1
390.0,13,19,1
2550.0,1,1,1
6713.0,38,47,3
2886.0,1,1,1
450.0,13,16,1
1020.0,1,1,1
6980.0,4,7,1
460.0,23,31,1
19839.0,42,67,6
9792.0,25,32,2
431.0,13,13,2
6890.0,1,1,1
9909.0,44,63,2
32018.0,59,77,4
5048.0,19,23,2
3555.0,2,2,1
2246.0,19,24,2
3489.0,1,1,1
1706.0,15,17,2
790.0,1,1,1
11295.0,33,41,3
1973.0,2,2,1
1703.0,14,18,2
1140.0,1,1,1
4484.0,18,25,3
32310.0,92,122,5
6023.0,18,23,2
14963.0,30,41,3
2241.0,23,28,1
12327.0,30,41,4
465.0,7,7,1
3967.0,4,5,2
5570.0,23,24,3
2207.0,2,2,1
1771.0,14,19,2
2449.0,1,1,1
340.0,10,13,1
7317.0,2,2,1
10738.0,45,49,3
1589.0,2,2,1
3112.0,18,19,2
1055.0,1,1,1
4699.0,17,18,2
1730.0,2,2,1
1780.0,12,17,2
5102.0,24,27,3
21103.0,1,1,1
300.0,47,59,1
8366.0,2,2,1
15797.0,50,61,2
977.0,15,20,1
956.0,5,5,1
7622.0,43,51,3
1592.0,4,4,1
8149.0,32,42,4
1407.0,2,2,1
2827.0,19,24,2
1424.0,1,1,1
159.0,5,7,1
2786.0,1,1,1
14309.0,49,71,8
21789.0,71,84,6
13956.0,44,57,5
6213.0,1,1,1
3812.0,29,45,3
14554.0,39,53,5
3176.0,2,2,1
12612.0,37,49,5
11439.0,40,61,3
2270.0,2,2,1
295.0,10,13,1
6685.0,5,7,2
310.0,14,21,1
1767.0,2,2,1
3061.0,21,26,2
4959.0,2,2,2
2329.0,74,95,2
45490.0,64,91,9
4037.0,2,2,1
6682.0,23,30,2
8414.0,26,29,4
4789.0,2,2,1
212.0,14,16,1
1658.0,1,1,1
6433.0,20,27,3
3895.0,2,2,1
288.0,10,13,1
331.0,1,1,1
16318.0,51,64,4
4050.0,2,2,1
7948.0,43,53,3
4790.0,1,1,1
12077.0,45,65,2
12782.0,48,61,2
1915.0,17,21,2
2556.0,2,2,1
310.0,11,14,1
3082.0,1,1,1
358.0,14,17,1
833.0,1,1,1
25909.0,70,94,3
8001.0,33,40,3
6238.0,31,41,4
7030.0,2,2,1
10630.0,40,63,3
13705.0,2,2,1
7670.0,61,82,3
5176.0,3,3,1
21064.0,73,101,6
3400.0,1,1,1
39043.0,124,191,10
5528.0,1,1,1
35728.0,78,118,5
7597.0,2,2,1
5775.0,37,62,3
19681.0,29,39,2
400.0,17,34,1
3480.0,2,2,1
21343.0,69,95,4
4803.0,12,12,2
10189.0,27,49,5
230.0,2,2,1
4686.0,12,20,2
3580.0,1,1,1
5619.0,31,47,3
2400.0,1,1,1
40691.0,99,139,6
370.0,2,2,1
3220.0,15,20,3
6382.0,3,4,2
4960.0,30,42,2
7035.0,2,2,1
9764.0,38,46,2
1090.0,9,11,1
1571.0,18,22,2
25931.0,52,64,6
442.0,9,13,2
3614.0,3,3,2
190.0,11,14,1
11803.0,21,29,2
19904.0,55,79,6
1560.0,2,2,1
15858.0,54,82,6
15891.0,44,58,4
2821.0,26,41,3
3380.0,1,1,1
410.0,12,14,1
1560.0,2,2,1
3151.0,23,28,3
14250.0,5,5,2
27424.0,77,110,5
26697.0,98,135,8
12887.0,40,53,5
895.0,3,4,2
35418.0,103,146,8
2109.0,1,1,1
19440.0,66,97,6
7506.0,26,34,9
1821.0,2,2,2
17908.0,64,72,4
11492.0,37,46,4
2830.0,1,4,1
12082.0,54,67,4
3890.0,1,1,1
10870.0,37,50,3
19590.0,75,95,6
14315.0,41,52,5
1620.0,1,1,1
8454.0,23,30,4
4721.0,4,4,1
13188.0,47,63,6
2299.0,2,2,1
8772.0,19,26,2
7940.0,2,2,1
30807.0,14,21,1
6160.0,3,4,1
23309.0,76,99,5
49951.0,152,204,13
2575.0,3,3,1
13151.0,42,59,5
950.0,1,1,1
475.0,3,3,1
1820.0,1,1,1
360.0,10,11,1
200.0,2,2,1
5049.0,21,27,3
1470.0,2,2,1
20824.0,81,113,7
22443.0,1,1,1
1901.0,4,6,1
23772.0,38,51,5
1720.0,3,3,1
590.0,10,11,1
9827.0,2,3,1
1321.0,30,36,2
1850.0,2,2,1
23025.0,67,88,3
2506.0,3,3,2
1520.0,6,8,1
3296.0,6,6,2
1555.0,14,19,2
5032.0,1,1,1
530.0,13,13,1
26638.0,84,108,10
1730.0,2,3,1
48099.0,172,215,11
5310.0,2,2,1
7110.0,24,35,2
3640.0,8,11,1
24513.0,76,105,7
709.0,31,39,2
5679.0,3,3,2
534.0,13,18,1
3083.0,2,2,1
550.0,13,15,1
1090.0,1,1,1
1390.0,38,51,2
12620.0,2,2,2
7790.0,23,29,1
7490.0,4,4,1
456.0,18,24,1
13660.0,1,1,1
614.0,41,57,1
6680.0,4,7,4
1606.0,8,8,2
833.0,1,1,1
6174.0,2,2,1
126.0,24,33,1
2018.0,2,2,1
57127.0,196,245,22
5529.0,2,2,1
44039.0,161,208,15
10337.0,1,1,1
8464.0,33,45,1
3166.0,32,47,2
5050.0,1,1,1
593.0,23,29,2
4160.0,2,2,2
380.0,12,15,1
6235.0,1,1,1
532.0,15,23,1
6929.0,1,1,1
580.0,14,22,1
13818.0,31,35,4
17912.0,44,58,4
480.0,13,18,1
495.0,1,1,1
6475.0,9,9,2
3718.0,25,30,2
6792.0,2,2,1
13177.0,49,66,3
11540.0,48,62,2
350.0,1,1,1
1985.0,2,2,1
384.0,8,13,1
1325.0,8,12,2
5563.0,17,17,4
1491.0,1,1,1
1178.0,4,7,1
3353.0,19,22,4
140.0,1,1,1
5285.0,16,19,2
17882.0,79,97,8
12750.0,45,58,5
3049.0,2,2,1
19469.0,71,88,6
1690.0,3,4,1
45165.0,133,168,11
1520.0,3,3,1
11534.0,37,50,4
470.0,9,12,1
8467.0,27,34,4
2137.0,3,4,1
68229.0,199,259,17
4361.0,18,21,2
669.0,5,8,1
2654.0,9,12,1
1677.0,1,2,1
3144.0,19,23,3
468.0,4,4,1
974.0,2,2,1
394.0,10,12,2
7433.0,25,28,5
363.0,4,7,1
5754.0,22,24,4
421.0,2,2,1
3259.0,2,2,1
352.0,14,17,1
2190.0,1,1,1
710.0,7,11,1
301.0,2,3,1
580.0,2,2,1
2269.0,13,15,2
1662.0,5,6,2
2237.0,2,4,2
466.0,4,6,1
22067.0,69,86,7
1998.0,4,4,1
4931.0,21,27,4
600.0,1,3,1
9540.0,40,55,7
3873.0,14,16,2
10418.0,40,58,5
4369.0,9,10,4
5208.0,1,1,1
433.0,7,9,1
8589.0,2,2,1
407.0,3,3,1
12505.0,44,61,11
1174.0,1,1,1
2427.0,11,15,2
306.0,1,1,1
6049.0,14,19,2
497.0,12,14,1
7760.0,30,43,4
432.0,2,2,1
17089.0,59,79,5
2031.0,2,2,1
4028.0,22,30,3
1258.0,2,2,1
8742.0,39,51,4
291.0,2,2,1
29444.0,13,16,2
504.0,14,18,1
26904.0,104,139,9
2908.0,1,1,1
4966.0,14,16,1
460.0,15,24,1
167.0,1,1,1
314.0,1,1,1
6906.0,21,26,3
1406.0,11,11,2
2855.0,3,3,1
6186.0,19,24,3
18896.0,80,109,13
4101.0,2,2,1
397.0,14,20,2
713.0,1,1,1
10300.0,44,56,4
1812.0,2,2,1
712.0,13,15,2
3360.0,2,2,1
404.0,12,14,1
887.0,2,2,1
422.0,4,5,1
1059.0,1,1,1
2637.0,10,13,2
775.0,5,6,1
327.0,2,3,1
441.0,2,2,1
2630.0,14,20,3
1190.0,4,5,2
11741.0,51,62,6
1686.0,1,1,1
887.0,7,9,1
436.0,3,4,1
6587.0,24,32,3
2690.0,2,3,1
973.0,13,20,1
347.0,4,5,1
2400.0,15,21,3
1151.0,4,4,2
18279.0,64,81,10
3008.0,2,2,1
3431.0,24,30,2
1532.0,1,3,1
432.0,6,8,1
660.0,1,2,1
1863.0,8,11,2
563.0,3,3,2
3387.0,5,7,1
21980.0,17,22,3
6104.0,4,3,1
14100.0,56,66,5
388.0,1,1,1
627.0,1,1,1
22057.0,67,88,7
260.0,6,6,1
7649.0,19,24,4
1120.0,1,1,1
4383.0,15,16,3
360.0,6,6,1
6147.0,20,20,3
1787.0,2,2,1
14490.0,52,62,4
448.0,11,17,1
922.0,2,2,2
380.0,2,2,1
18751.0,60,67,9
1450.0,1,1,1
700.0,4,7,1
1927.0,2,3,1
4804.0,10,11,2
20189.0,75,89,6
890.0,4,4,1
220.0,2,2,1
12554.0,29,36,6
320.0,1,1,1
2234.0,7,10,2
1062.0,7,8,2
7858.0,23,29,4
390.0,3,5,1
813.0,1,1,1
7222.0,36,44,4
1110.0,1,1,1
290.0,6,6,1
320.0,1,1,1
1120.0,1,1,1
12970.0,39,46,4
346.0,13,17,1
1920.0,2,2,1
17771.0,17,24,2
4590.0,2,2,1
7135.0,12,20,2
929.0,7,12,1
6329.0,8,12,2
501.0,9,14,1
3434.0,2,2,1
589.0,10,13,2
9416.0,6,6,2
903.0,13,18,1
1420.0,3,5,1
640.0,3,6,1
2339.0,6,8,2
5185.0,2,2,1
9498.0,55,68,2
440.0,5,10,1
30140.0,71,86,9
10985.0,41,52,3
13249.0,7,8,1
430.0,32,41,1
2428.0,4,4,2
931.0,5,7,1
1053.0,2,2,1
894.0,3,4,1
598.0,2,2,1
7936.0,1,1,1
2341.0,4,4,1
6950.0,15,19,3
1125.0,5,7,1
14771.0,31,38,3
19479.0,71,89,4
4277.0,11,15,2
4330.0,2,2,1
638.0,12,15,1
1000.0,2,2,1
504.0,4,4,1
1215.0,2,2,1
1614.0,15,20,3
7896.0,20,23,4
6205.0,26,31,3
1642.0,2,2,1
460.0,7,9,1
2356.0,2,2,1
453.0,6,7,1
10206.0,3,3,2
160.0,19,24,1
18438.0,25,31,6
250.0,11,15,1
19431.0,42,52,5
382.0,10,13,1
4804.0,1,1,1
414.0,11,14,1
3480.0,2,3,1
6556.0,28,36,2
11791.0,16,24,4
1221.0,10,15,1
7450.0,22,27,3
1078.0,3,3,1
6118.0,11,15,3
14282.0,36,45,5
1966.0,4,6,1
656.0,7,9,1
1112.0,7,9,2
3137.0,15,20,2
9033.0,31,36,5
2858.0,2,2,1
7886.0,40,47,4
22315.0,15,16,2
1311.0,6,6,1
23608.0,85,108,12
2335.0,2,2,1
579.0,8,11,1
6347.0,1,1,1
573.0,24,27,1
1689.0,1,1,1
1251.0,10,12,2
184.0,3,3,1
4963.0,20,20,3
294.0,2,2,1
2366.0,12,12,2
3621.0,1,1,1
8151.0,11,13,1
6778.0,3,2,1
5269.0,51,61,3
2505.0,2,2,1
2188.0,15,18,2
3308.0,1,1,1
307.0,9,11,1
1967.0,4,4,3
1132.0,1,1,1
4639.0,20,26,3
4642.0,2,2,1
922.0,14,19,1
5621.0,3,4,1
314.0,22,25,1
2242.0,11,16,2
6099.0,18,21,5
1030.0,2,3,1
436.0,2,2,1
189.0,2,2,1
1650.0,3,7,2
1109.0,2,2,1
624.0,9,11,2
3784.0,16,16,4
4105.0,1,1,1
408.0,13,15,1
5047.0,9,9,2
4487.0,29,32,3
3206.0,1,1,1
309.0,13,16,1
359.0,1,1,1
4506.0,15,21,2
335.0,1,1,1
420.0,2,2,1
4540.0,1,1,1
758.0,19,21,1
8629.0,5,5,2
3833.0,32,38,4
2253.0,7,8,2
3339.0,14,17,2
1884.0,1,1,1
602.0,8,11,1
2279.0,2,2,1
7626.0,45,52,3
2643.0,1,1,1
1529.0,10,12,2
2186.0,6,7,2
583.0,2,3,1
4718.0,22,31,4
3448.0,3,3,2
3788.0,19,26,2
1039.0,2,2,1
3877.0,14,23,2
5811.0,1,1,1
1331.0,26,36,2
527.0,1,1,1
7276.0,3,5,1
317.0,24,32,1
2512.0,2,2,1
13087.0,51,71,6
6154.0,2,2,1
273.0,18,24,1
1310.0,2,2,1
4184.0,23,29,2
1607.0,1,1,1
4638.0,20,33,2
1263.0,1,1,1
4335.0,31,37,3
3356.0,2,2,1
401.0,13,15,1
2757.0,12,12,2
2372.0,18,22,3
2422.0,3,3,2
2791.0,18,23,2
2862.0,14,20,4
6556.0,7,8,4
9781.0,48,65,2
1811.0,1,1,1
390.0,8,8,1
2400.0,2,2,1
3308.0,28,31,3
1191.0,1,1,1
8702.0,34,41,2
6342.0,1,1,1
4704.0,23,27,1
315.0,9,13,1
2016.0,8,8,3
3703.0,18,19,4
6441.0,1,1,1
272.0,23,31,1
980.0,1,1,1
1336.0,9,10,2
196.0,3,3,1
2801.0,2,2,1
8931.0,52,63,5
4431.0,1,1,1
2116.0,22,31,3
379.0,2,2,1
2009.0,8,9,2
1095.0,1,1,1
6438.0,34,45,3
1730.0,3,3,2
8985.0,42,50,4
1350.0,2,2,1
3103.0,25,26,3
1951.0,8,9,3
6145.0,20,26,3
2370.0,1,1,1
7331.0,41,50,4
3490.0,2,2,1
337.0,13,20,1
1274.0,1,1,1
592.0,4,5,1
200.0,2,2,1
3249.0,13,15,2
1710.0,1,1,1
1883.0,22,24,4
4683.0,2,2,1
251.0,17,22,1
6328.0,21,27,4
1990.0,1,1,1
9771.0,42,51,3
532.0,11,12,2
618.0,2,2,1
6758.0,23,26,4
180.0,2,2,1
4180.0,14,18,3
7752.0,1,1,1
563.0,37,53,2
5544.0,1,1,1
327.0,24,25,1
890.0,2,2,1
500.0,4,5,1
4682.0,24,32,3
1838.0,4,4,1
346.0,8,8,1
1020.0,1,1,1
315.0,3,3,1
1590.0,1,1,1
612.0,12,17,2
450.0,1,1,1
2689.0,10,11,2
511.0,2,3,1
306.0,1,1,1
2050.0,1,1,1
3189.0,15,20,2
1376.0,1,1,1
1165.0,7,8,1
7208.0,28,40,2
2902.0,1,1,1
401.0,13,18,1
354.0,2,2,1
10844.0,37,44,3
5293.0,2,2,1
611.0,28,34,2
740.0,1,1,1
5096.0,19,20,3
1730.0,2,2,1
766.0,12,16,2
5680.0,1,1,1
3107.0,34,42,4
3238.0,1,1,1
645.0,18,22,1
206.0,2,3,1
760.0,1,1,1
217.0,4,4,1
5045.0,20,22,2
497.0,1,1,1
800.0,2,2,1
1144.0,4,4,1
290.0,6,7,1
1629.0,3,3,2
184.0,5,6,1
1344.0,7,7,3
2104.0,7,7,2
360.0,4,5,1
6780.0,20,22,3
410.0,1,1,1
335.0,1,2,1
3120.0,1,1,1
498.0,11,11,1
530.0,2,2,1
340.0,2,2,1
4705.0,2,2,1
3589.0,23,30,2
350.0,4,6,1
7407.0,19,22,2
770.0,2,2,1
400.0,3,4,1
5805.0,2,2,1
3564.0,26,29,2
3420.0,2,2,1
4320.0,26,31,2
399.0,6,8,1
400.0,1,2,1
435.0,1,1,1
420.0,2,2,1
1570.0,2,2,1
2339.0,17,19,2
1330.0,1,1,1
5486.0,24,27,3
780.0,7,7,1
630.0,2,2,1
1710.0,2,2,1
350.0,7,8,1
2240.0,1,2,1
430.0,11,11,1
1852.0,4,4,2
1481.0,14,16,2
2560.0,2,2,1
550.0,11,15,1
1090.0,1,2,1
460.0,5,5,1
700.0,2,2,1
7531.0,28,37,4
1170.0,2,2,1
2213.0,14,14,2
3200.0,1,1,1
370.0,9,12,1
1460.0,2,2,1
4401.0,19,21,3
5415.0,2,2,1
360.0,18,20,1
1910.0,2,2,1
980.0,8,10,1
486.0,3,3,1
380.0,2,2,1
1980.0,2,2,1
596.0,12,13,1
8527.0,3,4,2
250.0,21,28,1
1975.0,3,3,2
6024.0,25,31,3
574.0,11,12,2
696.0,3,3,2
3300.0,1,2,1
730.0,16,18,1
1490.0,2,2,1
4757.0,44,58,4
1180.0,2,2,1
3128.0,15,19,2
3770.0,2,2,1
6203.0,37,42,3
3240.0,2,2,1
961.0,19,25,3
3000.0,5,7,2
10305.0,42,51,4
1230.0,2,2,1
470.0,5,6,1
3540.0,2,2,1
5322.0,40,52,4
700.0,1,1,1
4215.0,10,12,2
341.0,5,5,2
1649.0,8,8,4
850.0,2,2,1
220.0,5,5,1
1899.0,1,1,1
160.0,9,9,1
3286.0,7,7,2
3561.0,11,18,2
1520.0,2,2,1
5429.0,8,10,1
4000.0,7,8,1
2898.0,26,31,3
2048.0,7,10,3
720.0,1,1,1
13542.0,42,56,6
1080.0,2,2,1
6059.0,24,31,2
7060.0,1,1,1
750.0,21,23,1
8337.0,1,1,1
330.0,24,31,1
2608.0,6,8,2
3252.0,7,7,2
11957.0,42,55,3
330.0,3,3,1
150.0,2,2,1
1560.0,1,1,1
350.0,6,6,1
4440.0,1,1,1
3662.0,28,36,2
530.0,1,2,1
1060.0,1,1,1
960.0,4,4,1
1762.0,5,7,2
350.0,2,4,1
3826.0,18,20,5
2490.0,3,3,1
190.0,9,13,1
693.0,6,7,2
3960.0,10,10,2
515.0,8,8,2
1663.0,3,3,2
480.0,4,4,1
680.0,1,1,1
4403.0,2,2,1
5522.0,38,42,3
1670.0,2,2,1
846.0,9,10,2
7330.0,2,2,1
500.0,22,27,1
780.0,2,2,1
130.0,2,3,1
1320.0,1,1,1
680.0,6,6,1
1860.0,1,1,1
5851.0,19,26,4
610.0,9,9,1
780.0,1,5,1
2538.0,8,14,2
6000.0,4,4,1
590.0,20,22,1
1970.0,2,2,1
390.0,10,11,1
2270.0,1,1,1
402.0,13,16,1
1240.0,1,1,1
653.0,4,4,1
1780.0,3,3,1
2250.0,7,8,1
2200.0,9,11,1
414.0,12,15,2
1075.0,4,4,2
4150.0,1,1,1
650.0,14,16,1
3425.0,13,15,3
320.0,2,3,1
290.0,2,2,1
620.0,1,1,1
2050.0,2,2,1
6591.0,30,33,4
513.0,8,10,1
430.0,2,2,1
3916.0,1,1,1
3068.0,20,29,2
600.0,2,2,1
635.0,6,6,2
1375.0,4,4,2
440.0,3,7,1
1680.0,1,1,1
7169.0,32,38,2
4014.0,3,3,1
2402.0,19,24,3
710.0,4,5,2
4967.0,18,20,3
5713.0,21,25,2
900.0,1,1,1
1050.0,5,6,1
910.0,2,2,1
406.0,4,5,2
4944.0,1,1,1
450.0,14,19,1
3260.0,2,2,1
470.0,7,9,1
5288.0,25,25,3
3230.0,2,2,1
5469.0,30,34,3
1400.0,1,1,1
430.0,6,6,1
1507.0,6,6,2
2230.0,1,1,1
380.0,12,14,1
3760.0,2,2,1
470.0,10,14,1
3430.0,2,2,1
13626.0,50,69,4
3460.0,2,2,1
2720.0,14,21,1
860.0,13,21,1
290.0,4,4,1
553.0,3,3,2
720.0,1,1,1
5902.0,27,31,2
2260.0,1,2,1
410.0,10,10,1
4930.0,2,2,1
710.0,19,22,1
2170.0,3,3,1
2925.0,19,26,2
3534.0,2,2,1
4591.0,11,13,1
850.0,18,20,1
3464.0,13,14,2
2300.0,2,2,1
4425.0,37,41,3
1755.0,4,4,2
12792.0,46,47,4
130.0,3,3,1
7327.0,47,56,2
13260.0,3,4,2
1770.0,16,21,1
9546.0,30,34,8
760.0,9,11,1
15535.0,47,60,3
3015.0,10,12,1
10091.0,35,54,5
908.0,1,1,1
1719.0,1,1,1
585.0,5,7,1
4573.0,1,1,1
5917.0,32,40,3
4706.0,2,2,1
520.0,18,23,1
9372.0,2,2,1
977.0,24,35,1
692.0,3,3,1
375.0,3,3,2
900.0,2,2,1
1510.0,4,4,1
4473.0,7,8,1
2923.0,18,31,2
1733.0,2,2,1
7378.0,28,32,3
1012.0,4,4,1
17512.0,25,32,4
2820.0,4,4,1
6598.0,23,29,3
4646.0,4,4,1
557.0,12,15,1
3653.0,14,18,4
2841.0,2,2,1
3848.0,12,12,1
460.0,13,16,1
3115.0,2,2,1
5990.0,28,40,2
5529.0,2,2,1
12434.0,52,65,6
6244.0,1,1,1
1676.0,31,36,3
1531.0,3,3,2
530.0,3,8,1
1427.0,1,1,1
771.0,17,22,2
3697.0,5,7,2
503.0,16,20,1
900.0,2,2,1
377.0,2,4,1
7324.0,29,37,2
2410.0,1,1,1
11883.0,50,67,4
1760.0,5,5,1
10243.0,28,34,2
7623.0,41,51,5
1803.0,2,2,1
520.0,8,9,1
498.0,2,2,2
11382.0,43,47,4
13257.0,48,56,7
1830.0,2,2,1
16219.0,57,76,6
1435.0,3,3,1
8950.0,34,41,4
432.0,8,10,2
8553.0,2,2,2
469.0,19,27,1
2299.0,2,2,1
790.0,5,7,1
472.0,3,3,1
6980.0,8,11,2
4612.0,25,38,2
2191.0,7,11,2
5374.0,4,6,1
7452.0,20,23,1
2760.0,16,18,2
11933.0,26,34,3
1514.0,1,1,1
12296.0,32,36,4
13758.0,67,87,6
1557.0,1,1,1
538.0,9,11,1
998.0,3,3,1
5884.0,31,40,6
3598.0,2,2,1
3241.0,30,41,2
329.0,10,12,2
4872.0,33,36,5
221.0,1,1,1
1419.0,3,3,2
4285.0,17,20,3
4356.0,2,2,1
1710.0,18,23,3
675.0,1,1,1
5206.0,19,24,3
442.0,2,2,1
244.0,1,1,1
327.0,1,1,1
993.0,1,1,1
4325.0,23,31,3
2616.0,23,24,4
4547.0,2,2,1
280.0,16,20,2
2617.0,1,1,1
1529.0,22,23,3
981.0,1,3,1
379.0,4,4,1
296.0,1,1,1
945.0,1,1,1
4754.0,31,38,4
4255.0,13,17,3
328.0,2,2,1
250.0,2,2,1
12243.0,44,58,4
1253.0,2,2,1
425.0,5,7,1
1175.0,4,9,2
150.0,2,2,1
4319.0,12,13,3
290.0,5,7,1
480.0,2,3,1
1067.0,3,4,1
220.0,6,7,1
1574.0,1,1,1
1929.0,14,16,2
270.0,2,2,1
8479.0,15,21,2
6568.0,42,52,3
1990.0,2,2,1
12292.0,61,74,7
612.0,2,2,1
4919.0,33,36,4
19390.0,48,54,9
3688.0,1,1,1
39517.0,76,91,5
1794.0,31,33,1
24020.0,70,78,9
6162.0,2,2,1
3283.0,29,32,2
2118.0,1,1,1
4818.0,35,37,3
9538.0,7,8,1
9354.0,41,52,2
1500.0,2,2,1
380.0,7,9,1
4239.0,18,22,4
1150.0,2,2,1
5584.0,30,36,2
3993.0,18,21,3
940.0,1,1,1
3921.0,22,29,2
2859.0,2,4,2
290.0,12,13,1
6133.0,31,34,2
6262.0,19,29,3
870.0,2,2,1
2204.0,12,15,2
520.0,3,4,1
2985.0,5,5,2
5792.0,27,33,3
240.0,1,3,1
1510.0,2,2,1
1666.0,12,12,2
3406.0,12,17,2
850.0,1,3,1
3790.0,4,4,1
353.0,22,27,2
3220.0,2,2,1
250.0,16,16,1
8282.0,41,53,4
840.0,2,3,1
7733.0,44,53,4
1694.0,12,18,2
1600.0,5,7,1
4993.0,7,12,1
320.0,24,28,1
5530.0,1,1,1
11789.0,29,35,1
180.0,25,32,1
8994.0,52,59,7
1101.0,5,7,2
340.0,5,7,1
3617.0,3,3,2
5034.0,33,41,3
2884.0,8,9,2
5846.0,13,18,2
1210.0,12,13,1
4120.0,7,8,1
7008.0,41,58,2
6873.0,31,41,4
1145.0,4,9,2
4191.0,20,23,2
1570.0,1,1,1
8230.0,41,49,4
3240.0,2,3,1
300.0,20,24,1
2534.0,9,9,3
1810.0,2,2,1
2953.0,18,22,2
4289.0,10,13,3
230.0,4,4,1
11064.0,33,45,3
10228.0,3,3,2
1814.0,8,8,1
5823.0,19,30,3
12669.0,25,37,4
14601.0,39,56,4
5911.0,5,6,1
10658.0,31,46,2
986.0,2,2,1
19055.0,15,15,3
419.0,28,35,1
8978.0,2,2,1
20895.0,87,124,4
28801.0,61,89,4
13099.0,2,2,1
2555.0,31,45,1
656.0,8,11,1
1860.0,2,2,1
810.0,8,11,1
15548.0,27,42,3
10698.0,7,12,1
6342.0,25,37,2
4129.0,19,21,3
590.0,1,1,1
9425.0,3,4,1
45817.0,66,89,6
507.0,40,57,1
11334.0,2,2,1
323.0,33,40,1
11480.0,2,2,1
596.0,56,71,2
2869.0,4,4,3
16208.0,39,57,3
6997.0,12,22,4
2420.0,2,3,1
11004.0,41,52,5
4021.0,2,2,1
410.0,15,18,1
4634.0,6,7,2
10594.0,30,37,3
4357.0,2,2,1
3230.0,17,20,2
1570.0,3,3,1
8269.0,45,60,6
15247.0,19,22,3
701.0,27,34,1
963.0,2,2,1
463.0,3,3,1
2726.0,2,2,1
627.0,8,11,1
1620.0,2,2,1
967.0,5,6,1
1960.0,3,3,1
5434.0,25,30,3
1400.0,2,2,1
5942.0,10,16,2
1980.0,3,3,1
7648.0,15,21,4
697.0,5,7,1
2833.0,8,8,3
3189.0,1,1,1
979.0,7,11,1
396.0,3,3,1
480.0,1,1,1
2044.0,3,3,1
390.0,6,10,1
310.0,1,1,1
7934.0,1,1,1
5230.0,27,35,2
4064.0,4,4,1
25936.0,91,108,9
1210.0,2,2,1
3997.0,20,21,2
604.0,1,1,1
6313.0,19,22,4
4585.0,2,2,1
489.0,8,18,1
2169.0,1,1,1
480.0,5,5,1
830.0,2,2,1
7901.0,23,30,2
519.0,1,1,1
9302.0,26,33,3
3274.0,3,3,2
2769.0,12,15,2
4714.0,21,25,3
2240.0,4,4,1
11535.0,39,48,5
938.0,3,3,1
10324.0,25,32,3
1780.0,2,2,1
6989.0,26,30,3
756.0,1,1,1
652.0,1,3,1
765.0,3,3,1
600.0,1,3,1
2195.0,10,12,3
2435.0,2,2,1
10307.0,32,41,2
3100.0,1,1,1
467.0,7,11,1
3710.0,1,1,1
2167.0,20,21,2
1442.0,2,2,1
525.0,3,5,1
4140.0,3,4,2
11377.0,7,8,1
1750.0,6,6,1
11217.0,31,41,6
5387.0,17,22,3
3300.0,15,16,4
1770.0,2,2,1
210.0,8,9,1
2550.0,3,3,2
537.0,6,7,1
912.0,2,2,1
1988.0,12,13,2
580.0,3,3,1
19294.0,30,44,3
1247.0,2,2,1
25322.0,75,97,4
350.0,3,4,1
12681.0,50,59,9
1798.0,6,7,2
2076.0,2,2,1
320.0,9,15,1
602.0,2,2,2
3464.0,2,2,1
459.0,11,15,1
933.0,2,2,1
9128.0,31,39,2
770.0,1,1,1
351.0,3,3,1
154.0,1,1,1
1892.0,2,2,1
869.0,9,11,1
2915.0,5,5,1
389.0,9,12,1
627.0,1,1,1
3410.0,1,2,1
380.0,15,15,1
4290.0,2,2,1
375.0,19,24,1
2571.0,1,1,1
460.0,11,14,1
631.0,2,2,1
1229.0,5,5,1
360.0,4,7,1
3564.0,1,1,1
340.0,12,16,1
5029.0,2,2,1
16350.0,67,85,5
5044.0,1,1,1
4791.0,24,34,3
1991.0,2,2,1
333.0,9,14,2
1033.0,1,1,1
572.0,5,6,1
2131.0,4,4,1
278.0,11,12,1
3350.0,2,2,2
214.0,10,11,1
2094.0,1,1,1
1810.0,12,14,2
1871.0,1,1,1
284.0,8,12,1
9148.0,32,38,4
2774.0,1,1,1
762.0,12,16,1
7381.0,3,4,1
9099.0,52,58,5
1188.0,2,2,1
820.0,4,7,1
408.0,3,5,1
5048.0,13,16,2
4140.0,2,2,1
6714.0,34,49,4
5350.0,2,2,1
1135.0,18,25,1
307.0,6,6,1
6601.0,31,33,3
3885.0,2,2,1
453.0,14,19,1
7298.0,27,32,3
3585.0,2,2,1
7554.0,21,23,2
2730.0,2,1,1
1683.0,6,11,1
2760.0,6,9,1
3887.0,27,34,3
1680.0,1,1,1
3513.0,21,24,3
2278.0,6,8,3
246.0,9,11,1
5380.0,16,21,2
2957.0,1,1,1
10539.0,23,33,2
337.0,30,39,1
6014.0,2,2,1
6969.0,46,55,3
1070.0,1,1,1
500.0,8,9,2
1206.0,2,2,1
34554.0,119,162,7
57692.0,105,148,5
1186.0,45,61,2
11714.0,4,4,1
2096.0,36,50,1
34392.0,136,165,9
12601.0,55,66,4
31651.0,101,128,11
554.0,1,1,1
16434.0,54,74,3
730.0,1,1,1
8508.0,35,46,3
7576.0,27,36,4
6272.0,2,2,1
551.0,45,60,2
1363.0,4,4,2
6862.0,27,33,3
18516.0,60,75,5
7780.0,1,1,1
16805.0,69,84,4
430.0,6,7,1
2485.0,2,2,1
540.0,11,14,1
14508.0,54,70,6
447.0,1,1,1
1051.0,2,2,1
361.0,7,8,1
10178.0,34,38,4
3246.0,11,13,3
1135.0,1,1,1
344.0,5,7,1
7918.0,19,32,5
1112.0,9,13,2
6939.0,13,18,6
250.0,15,16,1
3084.0,1,1,1
560.0,18,20,1
1084.0,2,2,1
4330.0,5,8,1
10971.0,56,69,3
1015.0,3,3,2
1030.0,1,1,1
733.0,6,8,2
1245.0,1,1,1
2118.0,12,16,2
1264.0,8,9,2
43447.0,115,154,11
296.0,4,4,1
3675.0,1,1,1
590.0,14,19,1
2103.0,9,9,3
244.0,2,2,1
3520.0,1,1,1
196.0,12,18,1
2018.0,13,18,3
2054.0,5,5,2
1961.0,1,1,1
559.0,5,9,1
9228.0,2,2,1
500.0,15,20,1
880.0,2,2,1
3051.0,1,1,1
1033.0,9,17,1
4529.0,11,16,3
1946.0,8,10,2
848.0,4,5,1
5548.0,2,2,1
490.0,9,16,1
34692.0,95,125,8
9956.0,15,23,1
330.0,4,4,1
9883.0,22,29,3
1936.0,5,5,2
7099.0,10,16,2
10111.0,38,50,3
463.0,7,9,1
2389.0,2,2,1
11213.0,7,8,2
713.0,15,16,1
6766.0,25,37,5
1124.0,3,3,2
534.0,1,4,1
50107.0,134,179,8
540.0,10,13,1
446.0,1,1,1
1020.0,1,1,1
7709.0,6,7,2
633.0,13,18,1
4023.0,2,2,1
460.0,7,11,1
4978.0,1,1,1
527.0,11,16,1
2974.0,2,2,1
477.0,7,11,1
3083.0,1,1,1
511.0,8,12,1
996.0,2,2,1
255.0,1,4,1
5386.0,16,23,4
650.0,1,1,1
9411.0,25,35,3
521.0,8,10,1
2110.0,1,1,1
2100.0,6,11,1
14616.0,42,55,5
22915.0,75,96,6
6233.0,13,19,4
22487.0,76,98,9
4290.0,3,3,2
831.0,11,17,1
23017.0,51,59,5
333.0,17,21,1
14632.0,30,46,6
7824.0,38,48,4
3580.0,1,1,1
8078.0,39,51,3
8429.0,21,26,5
14050.0,69,88,8
5237.0,4,4,2
153.0,16,17,1
1812.0,5,7,2
1433.0,1,1,1
8856.0,19,24,3
439.0,15,17,1
1603.0,2,2,2
630.0,5,6,1
3014.0,8,12,2
2572.0,5,7,1
356.0,10,10,1
11829.0,36,40,3
1380.0,1,1,1
1668.0,12,14,2
3805.0,1,1,1
542.0,17,19,1
1389.0,1,2,1
11278.0,40,55,3
23791.0,17,21,3
3624.0,39,45,1
48393.0,25,33,6
330.0,25,31,1
34240.0,51,72,6
3993.0,20,26,2
7660.0,13,21,2
4220.0,2,3,1
5913.0,7,11,2
534.0,9,10,1
13621.0,33,41,6
6757.0,3,3,1
11935.0,35,46,3
2821.0,3,3,2
1856.0,7,10,2
18756.0,66,80,6
2230.0,1,1,1
6456.0,30,38,5
557.0,1,1,1
1863.0,2,2,1
4303.0,22,26,2
1320.0,1,1,1
3535.0,19,23,2
2560.0,1,1,1
2963.0,12,14,2
821.0,14,16,2
1071.0,2,2,2
1615.0,4,6,1
9014.0,21,31,2
13348.0,47,54,4
3257.0,2,5,1
4203.0,26,39,5
2738.0,14,17,4
13642.0,55,74,5
2611.0,1,1,1
3051.0,19,22,2
2313.0,8,9,2
2504.0,6,6,2
5137.0,9,10,2
3017.0,20,22,3
422.0,2,2,2
1079.0,3,3,1
7318.0,17,22,3
7025.0,24,31,4
791.0,5,7,1
8075.0,28,32,3
2842.0,12,12,2
15652.0,41,44,3
432.0,8,9,1
3934.0,5,5,2
1936.0,5,5,1
7359.0,37,45,3
1599.0,4,7,2
3805.0,1,1,1
7739.0,33,52,3
8101.0,25,31,4
13015.0,31,44,4
1448.0,1,1,1
27514.0,67,95,7
2660.0,18,22,2
542.0,2,2,1
1475.0,1,1,1
6358.0,6,7,2
660.0,21,30,1
7378.0,17,23,3
379.0,1,1,1
3820.0,2,2,1
1767.0,24,27,2
395.0,3,3,1
3923.0,1,1,1
605.0,12,16,1
4362.0,21,23,3
9031.0,26,38,2
38425.0,69,95,7
2316.0,16,23,2
60860.0,1,1,1
375.0,30,42,1
52029.0,108,142,10
7547.0,27,33,3
5788.0,1,1,1
285.0,24,29,1
35002.0,100,135,8
16358.0,47,65,7
427.0,1,2,1
352.0,2,2,1
13770.0,52,75,3
360.0,1,1,1
28645.0,79,115,3
850.0,2,2,1
6646.0,12,13,3
341.0,6,7,1
1100.0,2,2,1
12465.0,41,49,5
3394.0,2,2,1
329.0,11,15,1
6130.0,2,2,1
12071.0,64,74,3
1440.0,2,4,2
10239.0,40,48,3
646.0,2,2,1
230.0,5,6,1
468.0,9,15,2
1696.0,2,2,2
1607.0,2,2,1
11368.0,3,3,1
611.0,50,62,2
15659.0,51,67,6
4149.0,5,5,2
2818.0,15,23,3
2988.0,6,6,4
505.0,2,2,1
1520.0,1,1,1
360.0,5,7,1
5605.0,20,30,4
2615.0,2,2,1
510.0,4,6,1
3620.0,1,1,1
681.0,14,19,1
1530.0,3,3,1
6007.0,22,31,3
21862.0,71,88,8
551.0,16,20,2
5406.0,37,52,4
8157.0,18,26,4
2340.0,1,1,1
1180.0,6,8,1
1260.0,3,6,1
1004.0,6,6,1
1750.0,3,3,1
2543.0,22,25,2
2090.0,2,2,1
23443.0,76,95,3
463.0,2,2,1
505.0,2,2,1
6964.0,1,1,1
621.0,20,24,1
1107.0,8,8,3
1497.0,13,17,2
2594.0,16,19,3
1890.0,1,1,1
396.0,9,10,1
2810.0,4,4,2
20825.0,62,77,4
538.0,3,3,1
4534.0,1,1,1
5336.0,28,42,2
3518.0,2,2,1
6988.0,37,47,4
1560.0,1,1,1
2061.0,12,18,2
7796.0,2,2,1
436.0,29,40,1
700.0,1,1,1
5508.0,15,17,4
380.0,10,11,1
1261.0,4,4,3
5380.0,16,19,2
1535.0,5,7,1
8397.0,25,31,4
930.0,8,11,1
5231.0,18,28,4
1737.0,9,11,2
670.0,1,1,1
15666.0,69,89,4
9452.0,26,35,6
320.0,2,2,1
12845.0,32,41,5
1660.0,3,4,1
410.0,4,8,1
2488.0,4,5,2
1116.0,7,8,2
7581.0,18,29,2
2360.0,6,7,1
1430.0,6,10,1
1906.0,6,6,1
450.0,4,8,1
460.0,2,2,2
2050.0,1,1,1
550.0,8,14,1
398.0,2,3,1
17450.0,49,51,6
480.0,6,7,1
18828.0,58,82,4
17306.0,28,35,5
2710.0,5,5,1
53674.0,123,155,9
430.0,22,25,1
16441.0,61,80,4
2996.0,2,2,1
390.0,11,13,1
1667.0,5,6,2
6262.0,8,10,1
558.0,20,26,1
2210.0,1,1,1
389.0,9,12,1
1208.0,4,4,3
2773.0,9,9,3
8878.0,37,44,4
990.0,2,2,1
1602.0,4,5,1
950.0,5,6,1
1895.0,11,12,2
6482.0,2,2,1
